tweet_id	q1_label	q2_label	q3_label	q4_label	q5_label	q6_label	q7_label
1251257941510041604	no	NA	NA	NA	NA	no	no
1243474733351436289	no	NA	NA	NA	NA	no	no
1248584031370870784	no	NA	NA	NA	NA	yes	yes
1251947418465296384	no	NA	NA	NA	NA	no	no
1249247688354381824	no	NA	NA	NA	NA	no	no
1245152465487638534	no	NA	NA	NA	NA	no	no
1245988073038643202	no	NA	NA	NA	NA	no	no
1242402214850768896	no	NA	NA	NA	NA	no	no
1241664038997823488	no	NA	NA	NA	NA	no	no
1246433729217728512	no	NA	NA	NA	NA	no	no
1240603314980392966	yes	no	yes	no	no	no	no
1254633936929595392	no	NA	NA	NA	NA	no	no
1255390116828401664	no	NA	NA	NA	NA	no	no
1241120815212564487	no	NA	NA	NA	NA	no	no
1240701113138941952	no	NA	NA	NA	NA	no	yes
1239232908730216449	no	NA	NA	NA	NA	no	no
1238094774453833730	yes	no	yes	no	no	no	no
1238154603583156225	yes	no	yes	no	no	no	no
1247041357052600322	no	NA	NA	NA	NA	no	no
1238165877729759238	no	NA	NA	NA	NA	no	no
1245029174189985793	no	NA	NA	NA	NA	no	no
1239152526026518534	yes	no	yes	no	yes	no	no
1244341963480076290	yes	yes	yes	yes	yes	yes	yes
1242875052300869633	yes	no	no	no	no	no	no
1242484308914429960	no	NA	NA	NA	NA	no	no
1240284495489781762	no	NA	NA	NA	NA	no	no
1249751361463504902	no	NA	NA	NA	NA	no	no
1242875426537603073	no	NA	NA	NA	NA	no	no
1237723027707740166	no	NA	NA	NA	NA	no	no
1252655848305893376	no	NA	NA	NA	NA	no	no
1250813203027767296	no	NA	NA	NA	NA	yes	yes
1253215345273384960	no	NA	NA	NA	NA	no	yes
1252652042767806464	no	NA	NA	NA	NA	no	no
1241638590347726848	no	NA	NA	NA	NA	no	no
1247575379419770881	no	NA	NA	NA	NA	no	no
1249236711177179136	no	NA	NA	NA	NA	no	no
1245816912006860800	no	NA	NA	NA	NA	no	no
1242824275960172544	no	NA	NA	NA	NA	no	no
1246729594503397377	no	NA	NA	NA	NA	no	yes
1241446862995042304	no	NA	NA	NA	NA	no	no
1253781204454780929	no	NA	NA	NA	NA	no	no
1240186177992503296	no	NA	NA	NA	NA	no	no
1250784467851128843	no	NA	NA	NA	NA	no	no
1241693702512312320	no	NA	NA	NA	NA	no	no
1243450283885309952	yes	no	yes	no	yes	no	no
1254463173643698178	yes	no	yes	NA	no	no	no
1248170506198683649	no	NA	NA	NA	NA	no	no
1235381919371718663	no	NA	NA	NA	NA	no	yes
1254036225243205632	no	NA	NA	NA	NA	no	no
1252571544133476352	no	NA	NA	NA	NA	no	no
1245039945749794817	no	NA	NA	NA	NA	no	no
1250781530923896833	no	NA	NA	NA	NA	no	no
1245406058547499011	no	NA	NA	NA	NA	no	no
1250393712460472322	no	NA	NA	NA	NA	no	no
1244675309531693057	no	NA	NA	NA	NA	no	no
1246834361657425922	no	NA	NA	NA	NA	no	no
1239131329763184647	no	NA	NA	NA	NA	no	no
1237794309581213699	no	NA	NA	NA	NA	no	no
1244569857800253442	no	NA	NA	NA	NA	no	no
1238788790287818756	no	NA	NA	NA	NA	no	no
1248609646044041216	no	NA	NA	NA	NA	no	yes
1253691872964489219	no	NA	NA	NA	NA	no	no
1243078002700935169	no	NA	NA	NA	NA	no	no
1238586681382572033	no	NA	NA	NA	NA	no	no
1242737700974858240	no	NA	NA	NA	NA	no	no
1246756956381077505	no	NA	NA	NA	NA	no	no
1239163574276304897	no	NA	NA	NA	NA	no	no
1240350815593943040	no	NA	NA	NA	NA	no	no
1240627155568132097	no	NA	NA	NA	NA	no	no
1245747271750295552	yes	no	no	no	no	no	no
1245709331791839237	no	NA	NA	NA	NA	no	yes
1252869621679415296	no	NA	NA	NA	NA	no	no
1251924277445758980	no	NA	NA	NA	NA	no	no
1238540899820462086	no	NA	NA	NA	NA	no	no
1243794974208073728	no	NA	NA	NA	NA	no	no
1239658065017933829	no	NA	NA	NA	NA	no	no
1239132413747515393	no	NA	NA	NA	NA	no	no
1235620807847620608	yes	yes	yes	yes	yes	yes	yes
1250393980757516288	no	NA	NA	NA	NA	no	no
1247122988190834688	no	NA	NA	NA	NA	no	no
1251483999991627777	no	NA	NA	NA	NA	no	no
1249313286144831490	no	NA	NA	NA	NA	no	no
1242179654007611404	no	NA	NA	NA	NA	no	no
1247947377471827969	no	NA	NA	NA	NA	no	no
1246008962719285248	no	NA	NA	NA	NA	no	no
1240992978421927936	no	NA	NA	NA	NA	no	no
1252592646104780800	no	NA	NA	NA	NA	no	no
1243251257835487232	no	NA	NA	NA	NA	no	no
1239577818767462403	no	NA	NA	NA	NA	no	no
1250858511371829250	no	NA	NA	NA	NA	no	no
1237837389990637569	no	NA	NA	NA	NA	no	yes
1242925643471433732	no	NA	NA	NA	NA	no	yes
1252648377369735168	no	NA	NA	NA	NA	no	yes
1238481431132766210	yes	no	yes	no	yes	no	no
1254436690569068546	yes	no	no	no	no	no	no
1252836598808408065	no	NA	NA	NA	NA	no	no
1238245200725774338	no	NA	NA	NA	NA	no	no
1245348420170244103	no	NA	NA	NA	NA	no	no
1254047846904537090	no	NA	NA	NA	NA	no	yes
1243579811445891073	no	NA	NA	NA	NA	no	no
1238567497844035585	no	NA	NA	NA	NA	no	no
1240525861268393985	no	NA	NA	NA	NA	no	yes
1245361722011136001	no	NA	NA	NA	NA	no	no
1252650106467299329	no	NA	NA	NA	NA	no	no
1248964026635374592	yes	no	no	no	no	no	no
1243856455071150080	yes	no	yes	no	yes	no	yes
1252648736079187979	no	NA	NA	NA	NA	no	yes
1240310892979519498	yes	no	yes	no	no	no	no
1245971745108037633	no	NA	NA	NA	NA	no	no
1245700363321311233	no	NA	NA	NA	NA	no	no
1249325299881385984	no	NA	NA	NA	NA	no	no
1237392981113491458	yes	no	no	no	no	no	no
1247771055113900036	no	NA	NA	NA	NA	no	no
1241382091864117250	no	NA	NA	NA	NA	no	no
1247538226262204418	yes	no	yes	no	no	no	no
1241733654088482817	yes	no	yes	no	yes	no	yes
1241053551100657664	no	NA	NA	NA	NA	yes	no
1253671397051809792	no	NA	NA	NA	NA	no	no
1252871870254166022	no	NA	NA	NA	NA	no	no
1243145348215865344	no	NA	NA	NA	NA	no	no
1239165105251721218	yes	NA	yes	no	yes	no	no
1238209440056295424	no	NA	NA	NA	NA	no	no
1248642888801681409	no	NA	NA	NA	NA	no	no
1243088604261425152	no	NA	NA	NA	NA	no	no
1244607363967049728	no	NA	NA	NA	NA	no	no
1234123677421244417	no	NA	NA	NA	NA	no	no
1241743376678096896	no	NA	NA	NA	NA	no	no
1240703384362962945	no	NA	NA	NA	NA	no	no
1238477948786802689	no	NA	NA	NA	NA	no	no
1239554591211114502	no	NA	NA	NA	NA	no	no
1244646158120685570	no	NA	NA	NA	NA	no	no
1239894562023276544	yes	no	yes	no	yes	no	no
1245421989050941441	yes	no	no	no	no	no	no
1234092672048123904	no	NA	NA	NA	NA	no	no
1239903075751559168	no	NA	NA	NA	NA	no	no
1239289903629979648	no	NA	NA	NA	NA	no	no
1243257762152316928	no	NA	NA	NA	NA	yes	yes
1246755459673067520	no	NA	NA	NA	NA	no	yes
1245033757465284608	no	NA	NA	NA	NA	no	no
1241647972124897282	no	NA	NA	NA	NA	no	no
1247426785182089216	no	NA	NA	NA	NA	no	no
1245402676394971136	no	NA	NA	NA	NA	no	no
1240666173798256642	no	NA	NA	NA	NA	no	yes
1244530095907373056	no	NA	NA	NA	NA	no	no
1241645350013882368	no	NA	NA	NA	NA	no	yes
1238108221178613773	yes	no	yes	no	no	no	no
1247265898068611072	no	NA	NA	NA	NA	no	no
1249059755584258048	no	NA	NA	NA	NA	no	no
1242391456037236736	yes	no	yes	no	no	no	no
1252651434669113345	no	NA	NA	NA	NA	yes	no
1244259352732749825	no	NA	NA	NA	NA	no	no
1238400816748380161	no	NA	NA	NA	NA	no	no
1243139305696104448	no	NA	NA	NA	NA	no	yes
1245296851747733505	no	NA	NA	NA	NA	no	no
1241306731210293248	no	NA	NA	NA	NA	no	no
1250754636488810498	no	NA	NA	NA	NA	no	no
1238420764199727104	no	NA	NA	NA	NA	no	no
1245810242384015360	no	NA	NA	NA	NA	no	yes
1247611428527357954	no	NA	NA	NA	NA	no	no
1239989751756832768	no	NA	NA	NA	NA	no	no
1240576743913730050	no	NA	NA	NA	NA	no	no
1239575727827300352	no	NA	NA	NA	NA	no	no
1248878559986401280	no	NA	NA	NA	NA	no	yes
1238769507365203968	no	NA	NA	NA	NA	no	no
1243610898121592832	no	NA	NA	NA	NA	no	no
1249244482656239618	no	NA	NA	NA	NA	no	no
1246039593218117632	yes	yes	yes	yes	yes	yes	yes
1231965325236801538	yes	no	yes	no	yes	no	no
1242727727473590273	yes	no	yes	no	yes	no	yes
1245276937762811905	no	NA	NA	NA	NA	no	yes
1239174862456922113	no	NA	NA	NA	NA	no	no
1255955078793527298	no	NA	NA	NA	NA	no	no
1240316432665231362	no	NA	NA	NA	NA	no	yes
1243137976252731393	no	NA	NA	NA	NA	no	no
1246384320996151296	no	NA	NA	NA	NA	no	no
1244986367551188992	no	NA	NA	NA	NA	no	no
1244323769356881925	no	NA	NA	NA	NA	no	no
1246337136581844994	no	NA	NA	NA	NA	no	no
1248275777365442560	no	NA	NA	NA	NA	no	yes
1243116576397840384	yes	no	yes	no	yes	no	no
1244514337131200513	no	NA	NA	NA	NA	no	no
1238151439165374467	yes	no	yes	no	yes	no	no
1238547055238418433	no	NA	NA	NA	NA	no	no
1251454420417761282	no	NA	NA	NA	NA	no	yes
1243844276120891392	no	NA	NA	NA	NA	no	no
1244601005725155329	yes	no	no	no	no	no	no
1247581556904001536	no	NA	NA	NA	NA	no	no
1252651722683699207	no	NA	NA	NA	NA	no	no
1238401513988521985	no	NA	NA	NA	NA	no	no
1252663440092663819	no	NA	NA	NA	NA	no	no
1234880814183219200	no	NA	NA	NA	NA	no	no
1252649877445713921	yes	yes	yes	yes	yes	no	yes
1239852588536868864	no	NA	NA	NA	NA	no	no
1241336233705574407	no	NA	NA	NA	NA	no	yes
1238877630541238273	no	NA	NA	NA	NA	no	no
1254681667152855040	no	NA	NA	NA	NA	no	no
1241640050569469953	no	NA	NA	NA	NA	no	no
1245270648055791616	yes	no	yes	no	no	no	no
1240038989819674631	no	NA	NA	NA	NA	no	no
1237775372130881537	no	NA	NA	NA	NA	no	no
1239815593928294401	no	NA	NA	NA	NA	no	no
1231684857815818240	no	NA	NA	NA	NA	no	no
1244925961403064320	yes	no	yes	yes	yes	yes	no
1249048765278728193	no	NA	NA	NA	NA	no	no
1241807188332593154	no	NA	NA	NA	NA	no	no
1240380514357444608	no	NA	NA	NA	NA	no	no
1254526319804760064	no	NA	NA	NA	NA	no	no
1241651575967363073	no	NA	NA	NA	NA	no	no
1253797445907161093	no	NA	NA	NA	NA	no	no
1245714530933649408	no	NA	NA	NA	NA	no	no
1248909621022113794	no	NA	NA	NA	NA	no	no
1254120503071117313	no	NA	NA	NA	NA	no	no
1248292851525582851	no	NA	NA	NA	NA	no	no
1255438417376264194	no	NA	NA	NA	NA	no	no
1242188577921994752	no	NA	NA	NA	NA	no	no
1249702049555582976	no	NA	NA	NA	NA	no	no
1240920194643644418	no	NA	NA	NA	NA	no	no
1243086199373418499	no	NA	NA	NA	NA	no	no
1241874257375887360	no	NA	NA	NA	NA	no	no
1241868979909668864	no	NA	NA	NA	NA	no	no
1240215849795010567	no	NA	NA	NA	NA	no	no
1240281369894412289	no	NA	NA	NA	NA	no	no
1240673475976716289	no	NA	NA	NA	NA	no	no
1236733740782673920	no	NA	NA	NA	NA	no	no
1240634495268724736	no	NA	NA	NA	NA	no	no
1241672817743147008	no	NA	NA	NA	NA	no	no
1254691090931867648	yes	no	no	no	no	no	no
1245037180701102088	no	NA	NA	NA	NA	no	no
1250542720025755652	no	NA	NA	NA	NA	no	no
1239938929463345153	no	NA	NA	NA	NA	no	no
1246170585828294657	no	NA	NA	NA	NA	no	no
1240598313382170625	no	NA	NA	NA	NA	no	no
1250457266446368768	no	NA	NA	NA	NA	no	no
1242047831566843905	no	NA	NA	NA	NA	no	no
1248334457016385539	no	NA	NA	NA	NA	no	no
1238628652105031680	no	NA	NA	NA	NA	no	no
1245400509642653699	no	NA	NA	NA	NA	no	yes
1241369582557896710	no	NA	NA	NA	NA	no	no
1239847983467945984	no	NA	NA	NA	NA	no	no
1244584191242756096	no	NA	NA	NA	NA	no	yes
1247522329946664960	no	NA	NA	NA	NA	no	no
1238465975340732417	no	NA	NA	NA	NA	no	no
1240643140236738563	no	NA	NA	NA	NA	no	no
1255090119507415040	no	NA	NA	NA	NA	no	no
1238508067240714240	no	NA	NA	NA	NA	no	no
1241674081205989377	yes	no	yes	no	no	no	no
1240985435800731648	no	NA	NA	NA	NA	no	no
1241119696394559488	no	NA	NA	NA	NA	no	yes
1240903940394438657	no	NA	NA	NA	NA	no	no
1245261651269517312	no	NA	NA	NA	NA	no	no
1245982905509253121	no	NA	NA	NA	NA	no	no
1248273582624509952	no	NA	NA	NA	NA	no	no
1239088804973219841	yes	yes	yes	yes	yes	yes	yes
1233044196136771584	yes	no	yes	no	no	no	no
1234126641682636802	no	NA	NA	NA	NA	no	no
1238896849051955200	no	NA	NA	NA	NA	no	yes
1249342383898202113	no	NA	NA	NA	NA	no	no
1237815126633447424	no	NA	NA	NA	NA	no	no
1242012561815502849	no	NA	NA	NA	NA	no	no
1242348788636925952	yes	yes	yes	yes	yes	yes	yes
1234127041416564736	no	NA	NA	NA	NA	no	no
1252162597694177280	yes	no	no	no	no	no	no
1236246272698388480	no	NA	NA	NA	NA	no	no
1237873986853171200	no	NA	NA	NA	NA	no	no
1242085830405099520	no	NA	NA	NA	NA	no	yes
1255510850149978112	no	NA	NA	NA	NA	no	no
1242156505287327745	no	NA	NA	NA	NA	no	no
1242536191133696000	no	NA	NA	NA	NA	no	no
1239646274711883779	no	NA	NA	NA	NA	no	no
1240798052182523907	yes	no	yes	no	yes	no	yes
1243492193853202432	no	NA	NA	NA	NA	no	no
1238158847124127745	no	NA	NA	NA	NA	no	no
1249389661929312263	no	NA	NA	NA	NA	no	no
1253990230341947392	no	NA	NA	NA	NA	no	no
1244525242736934912	no	NA	NA	NA	NA	no	no
1240523907976892416	no	NA	NA	NA	NA	no	no
1241992879511343105	no	NA	NA	NA	NA	no	no
1244618178010980352	yes	no	yes	no	no	no	no
1240276701847969794	no	NA	NA	NA	NA	no	no
1238468663046529024	no	NA	NA	NA	NA	no	no
1248265425017856000	no	NA	NA	NA	NA	no	no
1252665894653870082	no	NA	NA	NA	NA	no	no
1245040571607134211	no	NA	NA	NA	NA	no	no
1238205002314891279	no	NA	NA	NA	NA	no	no
1251571230563536898	no	NA	NA	NA	NA	no	no
1242823817782792194	no	NA	NA	NA	NA	no	no
1237816153382191105	no	NA	NA	NA	NA	no	no
1241720163168399360	no	NA	NA	NA	NA	no	no
1234720698121310208	no	NA	NA	NA	NA	no	no
1248151408265908224	no	NA	NA	NA	NA	no	no
1247859143161061377	yes	no	yes	no	no	no	no
1239473563557658624	no	NA	NA	NA	NA	no	no
1242377791624142849	no	NA	NA	NA	NA	no	no
1241442190024417280	no	NA	NA	NA	NA	no	yes
1253796050202222598	no	NA	NA	NA	NA	no	no
1240698840409231361	no	NA	NA	NA	NA	no	no
1240009951776407553	yes	no	yes	no	no	no	no
1243932961264865281	yes	yes	yes	yes	yes	yes	yes
1249590557879480320	no	NA	NA	NA	NA	no	no
1241029809091772416	no	NA	NA	NA	NA	no	no
1242361368818450433	no	NA	NA	NA	NA	no	no
1239979888632889344	no	NA	NA	NA	NA	no	no
1253017570363559938	no	NA	NA	NA	NA	no	no
1240176335944851456	no	NA	NA	NA	NA	no	no
1241001717711454215	no	NA	NA	NA	NA	no	no
1246777585662558208	no	NA	NA	NA	NA	no	no
1238556531743961088	no	NA	NA	NA	NA	no	no
1241660571596005376	no	NA	NA	NA	NA	no	no
1253546720526512130	yes	no	no	no	no	no	no
1248740359091470337	no	NA	NA	NA	NA	no	yes
1234158539154784256	no	NA	NA	NA	NA	no	no
1240380246630830080	no	NA	NA	NA	NA	no	no
1238117486459002881	no	NA	NA	NA	NA	no	no
1240604862368419842	yes	yes	yes	yes	yes	yes	yes
1240756062992715776	yes	no	yes	no	yes	no	yes
1252650859764363266	no	NA	NA	NA	NA	no	no
1238561939405656071	no	NA	NA	NA	NA	no	no
1243482823589269505	no	NA	NA	NA	NA	no	no
1231589834466177025	yes	no	yes	no	no	no	no
1251505495963250688	no	NA	NA	NA	NA	no	no
1251211762239758336	no	NA	NA	NA	NA	no	no
1240365311217426432	no	NA	NA	NA	NA	no	no
1252646198399336449	no	NA	NA	NA	NA	no	no
1236223450559188993	no	NA	NA	NA	NA	no	no
1252643471065862152	no	NA	NA	NA	NA	no	no
1245744908893392898	yes	no	yes	no	no	no	no
1240323526323777538	no	NA	NA	NA	NA	no	no
1251119684491128832	no	NA	NA	NA	NA	no	no
1250790058807918592	no	NA	NA	NA	NA	no	no
1252555475876446209	no	NA	NA	NA	NA	no	no
1239293739480371201	no	NA	NA	NA	NA	no	no
1254684334386184194	yes	no	yes	no	no	no	yes
1242427117008289793	no	NA	NA	NA	NA	no	no
1241679803792666626	no	NA	NA	NA	NA	no	no
1247560632263749634	yes	yes	yes	no	yes	no	yes
1240286957177122817	no	NA	NA	NA	NA	no	no
1246867133507780608	no	NA	NA	NA	NA	no	no
1252869762343768071	no	NA	NA	NA	NA	no	no
1243157227227222016	no	NA	NA	NA	NA	no	no
1238510556753080320	no	NA	NA	NA	NA	no	no
1240251536414048261	no	NA	NA	NA	NA	no	no
1252971334893699072	no	NA	NA	NA	NA	no	no
1252226062961934336	no	NA	NA	NA	NA	no	no
1238819035418169345	no	NA	NA	NA	NA	no	no
1238214422696509442	no	NA	NA	NA	NA	no	no
1247929345005490181	no	NA	NA	NA	NA	no	no
1246865255088689153	no	NA	NA	NA	NA	no	no
1238374808791941121	no	NA	NA	NA	NA	no	no
1252952345836748800	no	NA	NA	NA	NA	no	no
1253301327192567808	no	NA	NA	NA	NA	no	no
1251104223217037312	no	NA	NA	NA	NA	no	no
1247577624643338245	yes	no	yes	no	no	no	no
1252544312161832961	no	NA	NA	NA	NA	no	no
1237643897645477888	no	NA	NA	NA	NA	no	yes
1235582157218672643	no	NA	NA	NA	NA	no	no
1248557303915253761	no	NA	NA	NA	NA	no	no
1240395789890998276	no	NA	NA	NA	NA	no	no
1247914093618626565	no	NA	NA	NA	NA	no	no
1245370826389688321	no	NA	NA	NA	NA	no	no
1255529785318690817	no	NA	NA	NA	NA	no	no
1247226158120407041	no	NA	NA	NA	NA	no	no
1255804217484337153	no	NA	NA	NA	NA	no	no
1239233969511694337	no	NA	NA	NA	NA	no	no
1252650749982584834	no	NA	NA	NA	NA	no	yes
1248648423114526722	yes	yes	no	no	no	no	no
1240962913013243905	no	NA	NA	NA	NA	no	no
1246917801157308416	yes	NA	yes	no	no	no	no
1247824425409445891	no	NA	NA	NA	NA	no	no
1241673874636496896	no	NA	NA	NA	NA	no	no
1246743490656075777	yes	no	yes	no	no	no	no
1246843203573161984	no	NA	NA	NA	NA	no	no
1255754042900348930	no	NA	NA	NA	NA	no	no
1249369306921603073	no	NA	NA	NA	NA	no	no
1239194996135378945	no	NA	NA	NA	NA	no	no
1250472424644194306	no	NA	NA	NA	NA	no	yes
1237129060360347649	no	NA	NA	NA	NA	no	no
1241488771197161472	no	NA	NA	NA	NA	no	no
1245045956766294019	yes	no	yes	no	no	no	no
1243642764195237890	no	NA	NA	NA	NA	no	no
1243661455804809227	no	NA	NA	NA	NA	no	no
1251612059864911874	no	NA	NA	NA	NA	no	no
1242407781795274752	no	NA	NA	NA	NA	no	no
1238952765214339078	no	NA	NA	NA	NA	no	no
1239223319435624450	yes	no	yes	no	no	no	no
1253421971288678401	no	NA	NA	NA	NA	no	no
1242801753202069505	no	NA	NA	NA	NA	no	no
1242124264272207872	no	NA	NA	NA	NA	no	no
1251047357069897730	yes	yes	yes	yes	yes	yes	yes
1241635484109099008	no	NA	NA	NA	NA	no	no
1242042415541870594	no	NA	NA	NA	NA	no	no
1246074699832004609	no	NA	NA	NA	NA	no	no
1239639579419951104	yes	no	yes	no	no	no	yes
1237106724164771840	no	NA	NA	NA	NA	no	no
1247768636208476164	no	NA	NA	NA	NA	no	no
1245043869953208323	no	NA	NA	NA	NA	no	no
1242376664321048576	no	NA	NA	NA	NA	no	no
1250474437708787719	no	NA	NA	NA	NA	no	no
1242187563772915713	no	NA	NA	NA	NA	no	no
1238552292506456064	no	NA	NA	NA	NA	no	no
1238161462461452288	no	NA	NA	NA	NA	no	no
1241675324359933952	no	NA	NA	NA	NA	no	no
1242492978003939330	no	NA	NA	NA	NA	no	no
1238593694292488195	no	NA	NA	NA	NA	no	no
1237086198738440196	yes	no	yes	no	no	no	no
1249971383179845632	no	NA	NA	NA	NA	no	no
1242171692182646786	no	NA	NA	NA	NA	no	no
1238439802049044483	no	NA	NA	NA	NA	no	no
1240254058969120768	no	NA	NA	NA	NA	no	no
1247848318899752960	no	NA	NA	NA	NA	no	no
1240271817220280322	yes	no	yes	yes	yes	yes	yes
1240230575635644416	no	NA	NA	NA	NA	no	no
1244567929053683712	no	NA	NA	NA	NA	no	no
1255230400663891971	no	NA	NA	NA	NA	no	no
1255900817602854912	yes	NA	yes	no	yes	no	no
1248229323770925056	yes	yes	yes	yes	yes	yes	yes
1241045834608844801	no	NA	NA	NA	NA	no	no
1238333778461949952	no	NA	NA	NA	NA	no	no
1244942524332101632	no	NA	NA	NA	NA	no	yes
1224761948065103874	yes	yes	yes	yes	yes	yes	yes
1250043548860284934	no	NA	NA	NA	NA	no	no
1244904569420886018	no	NA	NA	NA	NA	no	no
1244997393290010624	no	NA	NA	NA	NA	no	no
1241474810280128512	no	NA	NA	NA	NA	no	no
1238551068809867264	no	NA	NA	NA	NA	no	no
1253690732138954752	no	NA	NA	NA	NA	no	no
1248996945311432705	no	NA	NA	NA	NA	no	no
1242384275774869504	no	NA	NA	NA	NA	no	no
1253345696322912257	no	NA	NA	NA	NA	no	yes
1252855896071262208	yes	no	yes	no	yes	no	no
1238145562328870912	no	NA	NA	NA	NA	no	no
1236011497416990720	no	NA	NA	NA	NA	no	no
1238435485481078785	no	NA	NA	NA	NA	no	no
1254484611863678976	no	NA	NA	NA	NA	no	no
1243154146666123266	no	NA	NA	NA	NA	no	yes
1254298069685936128	yes	no	yes	no	no	no	no
1247904153235423232	no	NA	NA	NA	NA	no	no
1241298746375376896	no	NA	NA	NA	NA	no	no
1251570396291313664	no	NA	NA	NA	NA	no	yes
1255402284361670656	yes	no	no	no	no	no	no
1251036335063908354	yes	no	yes	no	no	no	no
1239255736573726722	no	NA	NA	NA	NA	no	no
1238759475382812674	no	NA	NA	NA	NA	no	no
1233386614199607296	no	NA	NA	NA	NA	no	no
1238142286258679808	no	NA	NA	NA	NA	no	no
1254063846907576322	no	NA	NA	NA	NA	no	no
1238473275610718210	no	NA	NA	NA	NA	no	no
1240658653797134336	no	NA	NA	NA	NA	no	no
1247886442145001473	yes	yes	yes	yes	yes	yes	yes
1239141640264130561	no	NA	NA	NA	NA	no	no
1234887204142567425	yes	no	yes	no	yes	no	no
1241863121846906881	no	NA	NA	NA	NA	no	no
1248894292346748929	no	NA	NA	NA	NA	no	no
1239468705161109505	no	NA	NA	NA	NA	no	no
1244236983179804672	yes	no	NA	no	no	no	no
1248179785068621824	no	NA	NA	NA	NA	no	no
1242161144170778627	no	NA	NA	NA	NA	no	no
1242805956150517760	no	NA	NA	NA	NA	no	yes
1242923850658189313	no	NA	NA	NA	NA	no	no
1234622691916865536	no	NA	NA	NA	NA	no	no
1238715229476925440	no	NA	NA	NA	NA	no	no
1252646381585674240	no	NA	NA	NA	NA	no	no
1252226237210128384	no	NA	NA	NA	NA	no	no
1240913636811513857	no	NA	NA	NA	NA	no	yes
1242152502893649920	no	NA	NA	NA	NA	no	no
1244594970222301187	yes	no	yes	no	no	no	no
1240984692104613888	no	NA	NA	NA	NA	no	no
1242368048994160641	no	NA	NA	NA	NA	yes	yes
1246422222459240453	no	NA	NA	NA	NA	no	no
1249285337895120897	no	NA	NA	NA	NA	no	no
1242919380750647297	no	NA	NA	NA	NA	no	no
1249339229064364035	no	NA	NA	NA	NA	yes	yes
1239924448096071680	no	NA	NA	NA	NA	no	yes
1244031018748841984	no	NA	NA	NA	NA	no	no
1248328179380559876	no	NA	NA	NA	NA	no	no
1255796743477899265	no	NA	NA	NA	NA	no	no
1252697124929749000	no	NA	NA	NA	NA	no	no
1248226139413393415	no	NA	NA	NA	NA	no	no
1247574971565723655	no	NA	NA	NA	NA	no	yes
1235576580958605312	no	NA	NA	NA	NA	no	no
1235335720551813121	no	NA	NA	NA	NA	no	no
1252492176954658816	yes	no	yes	no	yes	no	no
1244243833610596356	no	NA	NA	NA	NA	no	no
1240331857570541568	no	NA	NA	NA	NA	no	no
1249618394141339653	no	NA	NA	NA	NA	no	yes
1248210476661723136	no	NA	NA	NA	NA	no	no
1238266664581582849	no	NA	NA	NA	NA	no	no
1250820137902641152	no	NA	NA	NA	NA	no	no
1253024024294240256	no	NA	NA	NA	NA	no	no
1237633978766630915	no	NA	NA	NA	NA	no	no
1253772086356643840	no	NA	NA	NA	NA	no	no
1240753198257909765	no	NA	NA	NA	NA	no	no
1244614915761098753	yes	no	yes	no	no	no	no
1238766363369451520	yes	yes	no	no	no	no	no
1250833069893996545	no	NA	NA	NA	NA	no	no
1253750138322980867	no	NA	NA	NA	NA	no	no
1234143579506958336	yes	yes	no	no	no	no	no
1238133868965900288	no	NA	NA	NA	NA	no	no
1252289599084298241	no	NA	NA	NA	NA	no	no
1237666208180244480	no	NA	NA	NA	NA	no	yes
1238107698031460352	no	NA	NA	NA	NA	no	no
1247796435229085697	yes	no	yes	no	no	no	no
1244907838125879296	yes	yes	yes	yes	yes	yes	yes
1238133137806446596	no	NA	NA	NA	NA	no	yes
1247801727165726720	no	NA	NA	NA	NA	no	no
1255124322047397888	no	NA	NA	NA	NA	no	no
1239969806868082688	yes	no	no	no	no	no	no
1255835146038771712	yes	no	yes	no	no	no	no
1237886789404123138	no	NA	NA	NA	NA	no	no
1249317113698934795	no	NA	NA	NA	NA	no	no
1246187663599833089	no	NA	NA	NA	NA	no	no
1241671512584867841	yes	no	yes	no	yes	no	no
1249075736964747270	no	NA	NA	NA	NA	no	no
1245697281086586880	no	NA	NA	NA	NA	no	yes
1238701048681893888	no	NA	NA	NA	NA	no	no
1238624855710478337	no	NA	NA	NA	NA	no	no
1246898161735675908	no	NA	NA	NA	NA	no	no
1243198160031428610	no	NA	NA	NA	NA	no	no
1239991631488716801	yes	no	yes	no	no	no	no
1242062634230431747	no	NA	NA	NA	NA	no	no
1236397153808982017	no	NA	NA	NA	NA	no	no
1242769566931070976	no	NA	NA	NA	NA	no	no
1242149902655905794	no	NA	NA	NA	NA	no	no
1240342917107134464	no	NA	NA	NA	NA	no	no
1238524733257404421	no	NA	NA	NA	NA	no	no
1238570284132831236	no	NA	NA	NA	NA	no	no
1248512510698889218	no	NA	NA	NA	NA	no	no
1245387323841351681	no	NA	NA	NA	NA	no	no
1240379881776652289	no	NA	NA	NA	NA	no	yes
1241764235639689223	no	NA	NA	NA	NA	no	no
1245042590841483264	no	NA	NA	NA	NA	no	no
1240320035555553280	no	NA	NA	NA	NA	no	yes
1252208336923230211	yes	no	yes	no	no	no	no
1236703569413394432	no	NA	NA	NA	NA	no	no
1238190304903258112	no	NA	NA	NA	NA	no	no
1245420853623500803	no	NA	NA	NA	NA	no	no
1244634496290435072	no	NA	NA	NA	NA	no	no
1231530194357424128	yes	no	yes	no	yes	no	no
1238421069280706560	no	NA	NA	NA	NA	no	no
1251412236284944384	no	NA	NA	NA	NA	no	no
1241695638850613248	yes	no	yes	no	no	no	no
1238147953061224449	no	NA	NA	NA	NA	no	no
1238382303086366722	no	NA	NA	NA	NA	no	no
1253695198602817538	yes	no	yes	no	no	no	no
1242020642083549184	no	NA	NA	NA	NA	no	no
1254737382299009025	no	NA	NA	NA	NA	no	no
1250702133017665539	yes	no	yes	no	no	no	no
1238457771936358401	no	NA	NA	NA	NA	no	no
1242804725197791232	yes	no	yes	no	no	no	no
1242743254384328706	no	NA	NA	NA	NA	no	no
1244914501159399424	no	NA	NA	NA	NA	no	no
1238205130031448064	no	NA	NA	NA	NA	no	no
1240326372469415937	yes	no	no	no	no	no	no
1248911076504342528	no	NA	NA	NA	NA	no	no
1238515702803443713	no	NA	NA	NA	NA	no	no
1248482289824096258	no	NA	NA	NA	NA	no	no
1253635735829315586	no	NA	NA	NA	NA	no	no
1239903124527202304	no	NA	NA	NA	NA	no	no
1243458819570774016	no	NA	NA	NA	NA	no	no
1245220408783036419	no	NA	NA	NA	NA	no	no
1249264488416718850	no	NA	NA	NA	NA	no	no
1246011482501984257	no	NA	NA	NA	NA	no	no
1240614487700525065	no	NA	NA	NA	NA	no	no
1252618266637467648	no	NA	NA	NA	NA	no	no
1237765751785820160	yes	no	no	no	no	no	no
1236054923936219136	no	NA	NA	NA	NA	no	yes
1239156141218725889	no	NA	NA	NA	NA	no	no
1238113951361179648	no	NA	NA	NA	NA	no	no
1240723169478148096	no	NA	NA	NA	NA	no	no
1245849450016358402	no	NA	NA	NA	NA	yes	yes
1250760162299822080	no	NA	NA	NA	NA	no	no
1241771240282521600	no	NA	NA	NA	NA	no	yes
1241052659458674692	no	NA	NA	NA	NA	no	no
1254085341151199233	no	NA	NA	NA	NA	no	yes
1244563344620695554	no	NA	NA	NA	NA	no	no
1234470433401057280	no	NA	NA	NA	NA	no	no
1248189259393236993	no	NA	NA	NA	NA	no	no
1244561322290941954	no	NA	NA	NA	NA	no	yes
1252645988151459841	yes	no	yes	no	no	no	no
1240169636626337792	no	NA	NA	NA	NA	no	no
1243245429174800384	no	NA	NA	NA	NA	no	no
1243521648210382850	no	NA	NA	NA	NA	no	no
1242122462915158017	no	NA	NA	NA	NA	no	no
1234504297053925383	no	NA	NA	NA	NA	no	yes
1252671586412507136	no	NA	NA	NA	NA	no	no
1243465456691937280	no	NA	NA	NA	NA	no	no
1238439911734247424	no	NA	NA	NA	NA	no	no
1250861509556744194	no	NA	NA	NA	NA	no	no
1249041883906617346	no	NA	NA	NA	NA	no	no
1252979790883295232	no	NA	NA	NA	NA	no	no
1238860991598931970	no	NA	NA	NA	NA	no	no
1242105080561774592	no	NA	NA	NA	NA	no	no
1243846801578315777	no	NA	NA	NA	NA	no	no
1243075983600750592	no	NA	NA	NA	NA	no	no
1255414034607878147	yes	no	yes	no	no	no	no
1254648017690546178	no	NA	NA	NA	NA	no	no
1244882778778406912	no	NA	NA	NA	NA	no	no
1243780706901385221	yes	yes	yes	yes	yes	yes	yes
1240962247066898433	no	NA	NA	NA	NA	no	yes
1244250440734138368	no	NA	NA	NA	NA	no	no
1239111859048976384	no	NA	NA	NA	NA	no	no
1239225966708305923	no	NA	NA	NA	NA	no	no
1240227767498743809	no	NA	NA	NA	NA	no	no
1240564480100175872	no	NA	NA	NA	NA	no	no
1235463912361013248	yes	no	yes	no	no	no	no
1249998400847785984	no	NA	NA	NA	NA	no	no
1233188623819866112	no	NA	NA	NA	NA	no	no
1245336922282766336	no	NA	NA	NA	NA	no	no
1247949889696411651	yes	NA	yes	yes	yes	no	no
1240933146469818369	no	NA	NA	NA	NA	no	no
1238230086496784384	yes	no	no	no	no	no	no
1234407722340274177	no	NA	NA	NA	NA	no	no
1242170219113693184	no	NA	NA	NA	NA	no	yes
1248987619159089154	no	NA	NA	NA	NA	no	no
1255108267824611328	no	NA	NA	NA	NA	yes	yes
1246786498311094273	no	NA	NA	NA	NA	no	no
1242162073842450440	no	NA	NA	NA	NA	no	no
1240014750127448065	no	NA	NA	NA	NA	no	no
1238127769822859275	no	NA	NA	NA	NA	no	no
1240654168857157633	no	NA	NA	NA	NA	no	no
1250788799870885888	no	NA	NA	NA	NA	no	no
1238509356905349121	no	NA	NA	NA	NA	no	no
1241780748769800194	no	NA	NA	NA	NA	no	no
1251434531544014849	no	NA	NA	NA	NA	no	no
1238350446470877185	no	NA	NA	NA	NA	no	no
1241326389703380992	no	NA	NA	NA	NA	no	no
1239464820249853952	no	NA	NA	NA	NA	no	no
1249630521715503106	yes	no	yes	no	yes	no	no
1244899260354760706	yes	no	yes	no	no	no	no
1239262437238546432	no	NA	NA	NA	NA	no	no
1245041527115710470	no	NA	NA	NA	NA	no	no
1238963588070588422	no	NA	NA	NA	NA	no	no
1253422760421814273	no	NA	NA	NA	NA	no	no
1238206839965220870	no	NA	NA	NA	NA	no	no
1238181804210892800	no	NA	NA	NA	NA	no	yes
1251954868153126913	no	NA	NA	NA	NA	no	no
1242089844160987136	no	NA	NA	NA	NA	no	no
1252173100621365249	yes	no	yes	no	no	no	no
1254074988392583169	no	NA	NA	NA	NA	no	no
1250804947479904256	yes	no	yes	no	no	no	no
1249084679820644352	no	NA	NA	NA	NA	no	no
1242162453825425409	no	NA	NA	NA	NA	no	no
1238537098887651331	no	NA	NA	NA	NA	no	no
1239323459295105031	no	NA	NA	NA	NA	no	no
1241675821296877570	no	NA	NA	NA	NA	no	no
1250821443924918278	no	NA	NA	NA	NA	no	no
1248612877763620869	no	NA	NA	NA	NA	no	no
1246145125744545793	no	NA	NA	NA	NA	no	no
1244688527524274177	yes	no	yes	no	yes	no	yes
1238396713875968001	no	NA	NA	NA	NA	no	no
1249284743612506113	no	NA	NA	NA	NA	no	no
1247825364350636032	no	NA	NA	NA	NA	no	no
1240267964907229186	no	NA	NA	NA	NA	no	no
1240993968663531526	no	NA	NA	NA	NA	no	no
1240271726283546626	no	NA	NA	NA	NA	no	no
1241063967574953992	no	NA	NA	NA	NA	no	no
1245236134705270787	yes	no	yes	no	no	no	no
1245291844227006466	no	NA	NA	NA	NA	no	no
1254733101416067072	yes	no	no	no	no	no	no
1250815828494295040	no	NA	NA	NA	NA	no	no
1241300602845564928	no	NA	NA	NA	NA	no	no
1251960822538080262	no	NA	NA	NA	NA	no	no
1237417730615238661	no	NA	NA	NA	NA	no	no
1247857382857809920	yes	no	yes	no	yes	no	no
1240531216954204165	no	NA	NA	NA	NA	no	no
1239800403358859265	no	NA	NA	NA	NA	no	no
1255519821908893697	yes	no	yes	no	yes	no	no
1250344170121613313	no	NA	NA	NA	NA	no	no
1223544260928122881	no	NA	NA	NA	NA	no	no
1239226624241020931	yes	no	yes	no	no	no	no
1239566077060931585	no	NA	NA	NA	NA	no	yes
1245019925296697344	yes	no	yes	no	yes	no	no
1236200994561830912	no	NA	NA	NA	NA	no	no
1252651722234892288	no	NA	NA	NA	NA	no	no
1255462081463279616	no	NA	NA	NA	NA	no	no
1243443080109457408	yes	no	yes	NA	yes	no	no
1248170936571961344	yes	no	yes	no	no	no	no
1238180289505099778	no	NA	NA	NA	NA	no	no
1243126583369641986	yes	no	yes	no	no	no	no
1238422718011322370	no	NA	NA	NA	NA	no	no
1241043933607723008	no	NA	NA	NA	NA	no	yes
1238453139159777285	no	NA	NA	NA	NA	no	no
1249998901177917440	no	NA	NA	NA	NA	no	no
1239313049066131460	no	NA	NA	NA	NA	no	no
1237647494827433984	no	NA	NA	NA	NA	no	no
1235372501875769350	no	NA	NA	NA	NA	no	no
1242868381629513731	no	NA	NA	NA	NA	no	no
1240703241383342083	no	NA	NA	NA	NA	no	yes
1228988815655784448	yes	no	yes	no	yes	no	no
1253005048537403394	yes	no	yes	no	no	no	no
1232647667546836996	no	NA	NA	NA	NA	no	no
1252669804609183746	no	NA	NA	NA	NA	no	no
1241819895098212352	no	NA	NA	NA	NA	no	no
1244650858916257792	no	NA	NA	NA	NA	no	no
1241674311213162496	no	NA	NA	NA	NA	no	no
1238471246934933507	no	NA	NA	NA	NA	no	no
1242426439326150657	no	NA	NA	NA	NA	no	yes
1252649713238773760	no	NA	NA	NA	NA	no	no
1242457655916072960	no	NA	NA	NA	NA	no	no
1254051311382867973	no	NA	NA	NA	NA	no	no
1245356257478881281	no	NA	NA	NA	NA	no	no
1253976666768117760	no	NA	NA	NA	NA	no	no
1245374793240772618	no	NA	NA	NA	NA	no	no
1252651819383369728	no	NA	NA	NA	NA	no	no
1238366494536466437	yes	no	yes	no	yes	no	yes
1241997504834605056	no	NA	NA	NA	NA	no	no
1238949814517338115	no	NA	NA	NA	NA	no	no
1241461236006563840	no	NA	NA	NA	NA	no	no
1243523915927994369	no	NA	NA	NA	NA	no	no
1241255776280367105	no	NA	NA	NA	NA	no	no
1240349108914868224	no	NA	NA	NA	NA	no	no
1243122089248395265	no	NA	NA	NA	NA	no	no
1243063886649028608	no	NA	NA	NA	NA	no	no
1243933096845750272	no	NA	NA	NA	NA	no	no
1244032891505557516	no	NA	NA	NA	NA	no	no
1245414914287640579	no	NA	NA	NA	NA	no	no
1250708399974690816	yes	yes	yes	yes	yes	yes	yes
1251769838818770944	yes	no	yes	no	yes	no	no
1245281702458658817	no	NA	NA	NA	NA	no	no
1242568244214534149	yes	yes	yes	yes	yes	yes	yes
1237396842226335749	no	NA	NA	NA	NA	no	no
1237736951421308928	yes	yes	no	no	no	no	no
1252644473030545415	no	NA	NA	NA	NA	no	no
1237139419787939846	no	NA	NA	NA	NA	no	no
1239231918236938240	no	NA	NA	NA	NA	no	yes
1251570934034706432	no	NA	NA	NA	NA	no	no
1236018346010841088	no	NA	NA	NA	NA	no	no
1246096287965024256	yes	yes	yes	no	no	no	no
1240373259058794496	no	NA	NA	NA	NA	no	no
1249651448922734592	no	NA	NA	NA	NA	no	yes
1242643257802268678	no	NA	NA	NA	NA	no	no
1246394799697072128	yes	no	yes	no	no	no	no
1241115808119640064	no	NA	NA	NA	NA	no	no
1237435146346942467	yes	no	yes	no	no	no	no
1232273014814846978	yes	no	yes	no	no	no	no
1234790921985810433	no	NA	NA	NA	NA	no	no
1241316307053805568	yes	no	yes	no	no	no	no
1242753725598445568	no	NA	NA	NA	NA	no	no
1241075943856365569	no	NA	NA	NA	NA	no	no
1250543992187559937	no	NA	NA	NA	NA	no	no
1240233642724675586	yes	yes	no	no	no	no	no
1247470172119748609	no	NA	NA	NA	NA	no	no
1255549911564800000	no	NA	NA	NA	NA	no	no
1242203100531822592	no	NA	NA	NA	NA	no	no
1255401528950743041	yes	no	yes	no	no	no	no
1240308023136043008	no	NA	NA	NA	NA	no	no
1241469268870533122	yes	no	yes	no	no	no	no
1244235699790000128	no	NA	NA	NA	NA	no	no
1250863555412459521	no	NA	NA	NA	NA	no	no
1238397213560180736	no	NA	NA	NA	NA	no	no
1250470557885349890	no	NA	NA	NA	NA	no	no
1243820953072799745	yes	no	yes	no	yes	no	no
1250314417717145603	yes	no	no	no	no	no	no
1239266477926232066	no	NA	NA	NA	NA	no	no
1250901057959493638	no	NA	NA	NA	NA	no	no
1253223737828278272	no	NA	NA	NA	NA	no	no
1246028920056680449	no	NA	NA	NA	NA	no	no
1237465975353675778	no	NA	NA	NA	NA	no	no
1250448822129565696	no	NA	NA	NA	NA	no	no
1252185214710841344	yes	yes	yes	yes	yes	yes	yes
1240346045516787714	no	NA	NA	NA	NA	no	no
1244736682005532673	no	NA	NA	NA	NA	no	no
1242070789479948291	no	NA	NA	NA	NA	no	yes
1254523588687925248	no	NA	NA	NA	NA	yes	yes
1245096111154626567	no	NA	NA	NA	NA	no	no
1238562456609456128	no	NA	NA	NA	NA	no	no
1255231348178137089	no	NA	NA	NA	NA	yes	yes
1253648052319129600	yes	no	no	no	no	no	no
1252992779908788230	no	NA	NA	NA	NA	no	no
1251494898366373889	no	NA	NA	NA	NA	no	no
1243877417015443464	no	NA	NA	NA	NA	no	no
1240631414124621827	yes	no	yes	no	no	no	no
1244998162500247552	no	NA	NA	NA	NA	no	no
1238963923761709061	no	NA	NA	NA	NA	no	yes
1241625422372179968	yes	no	yes	no	no	no	no
1243195369493868545	no	NA	NA	NA	NA	no	no
1239904753171251200	no	NA	NA	NA	NA	no	no
1244357928645283840	no	NA	NA	NA	NA	no	no
1242490281540419586	yes	no	yes	no	no	no	no
1244704599476494336	yes	no	no	no	no	no	no
1241115143095844866	no	NA	NA	NA	NA	no	yes
1238375172324896770	no	NA	NA	NA	NA	no	no
1255372212619685888	yes	no	yes	no	yes	no	no
1233367325174304769	no	NA	NA	NA	NA	no	yes
1240408726655438848	no	NA	NA	NA	NA	no	no
1243879585952956417	no	NA	NA	NA	NA	no	no
1239078477044895744	no	NA	NA	NA	NA	no	no
1238221177673449472	no	NA	NA	NA	NA	no	no
1238443959623528449	no	NA	NA	NA	NA	no	no
1241814160155062279	no	NA	NA	NA	NA	no	no
1250747746794995718	no	NA	NA	NA	NA	no	yes
1241049016894447622	no	NA	NA	NA	NA	no	no
1237001435931385858	yes	no	yes	no	no	no	no
1235567346120560645	yes	NA	yes	no	yes	no	no
1239940936802729985	no	NA	NA	NA	NA	no	no
1239528272356089862	yes	yes	yes	yes	yes	yes	yes
1247267764781416448	no	NA	NA	NA	NA	no	no
1245467856654958592	yes	no	yes	no	yes	no	no
1242762623382368256	no	NA	NA	NA	NA	no	no
1254261878391529475	yes	no	yes	no	no	no	no
1238811667401715715	no	NA	NA	NA	NA	no	yes
1243853493938597888	no	NA	NA	NA	NA	no	no
1255803867624886278	no	NA	NA	NA	NA	no	no
1234194446943760385	no	NA	NA	NA	NA	no	no
1238256878926409728	no	NA	NA	NA	NA	no	no
1246039352859406341	no	NA	NA	NA	NA	no	no
1237119879288950785	yes	NA	yes	no	yes	yes	no
1255432152084369408	no	NA	NA	NA	NA	no	no
1249937427340328960	yes	no	no	no	no	no	no
1239891559778332673	yes	no	yes	no	no	no	no
1244539601206808576	no	NA	NA	NA	NA	no	no
1243971592134238208	yes	NA	yes	no	yes	no	no
1238940724848099332	no	NA	NA	NA	NA	no	no
1242035934306148358	no	NA	NA	NA	NA	no	no
1247952141710438400	no	NA	NA	NA	NA	no	no
1248501904335765506	no	NA	NA	NA	NA	no	no
1249235634297978881	no	NA	NA	NA	NA	no	no
1238183052918042634	no	NA	NA	NA	NA	no	no
1242901685913165824	no	NA	NA	NA	NA	no	no
1254074306260336643	no	NA	NA	NA	NA	no	no
1241284535008071681	no	NA	NA	NA	NA	no	no
1250364636098187264	no	NA	NA	NA	NA	no	no
1238905489150410753	yes	yes	yes	yes	yes	yes	yes
1260450928047636480	no	NA	NA	NA	NA	no	no
1238003148586979329	no	NA	NA	NA	NA	no	no
1238774890007859201	no	NA	NA	NA	NA	no	no
1235226422148558854	no	NA	NA	NA	NA	no	no
1245052560463089667	no	NA	NA	NA	NA	no	yes
1251240406706159620	no	NA	NA	NA	NA	no	no
1250474947643834368	no	NA	NA	NA	NA	no	no
1246131373863288834	yes	no	no	no	no	no	no
1239264981054640130	no	NA	NA	NA	NA	no	yes
1247137913688805381	yes	yes	yes	yes	yes	yes	yes
1242875771502440449	yes	no	no	no	no	no	no
1242033989315112964	yes	no	no	no	no	no	no
1241700872016576513	yes	NA	yes	no	yes	no	no
1248575295097012230	no	NA	NA	NA	NA	no	no
1260117496054583296	no	NA	NA	NA	NA	no	yes
1250555230535761927	yes	NA	yes	no	yes	no	yes
1246119557967810560	no	NA	NA	NA	NA	no	no
1254923045598367745	no	NA	NA	NA	NA	no	no
1245328051933773827	yes	no	yes	no	no	no	no
1240653432207351810	yes	yes	yes	yes	yes	yes	yes
1239582207754330114	no	NA	NA	NA	NA	no	no
1239143772283420672	yes	no	yes	no	no	no	no
1245307454445039617	no	NA	NA	NA	NA	no	yes
1238116079043588097	yes	no	yes	no	yes	no	yes
1255763695877136386	no	NA	NA	NA	NA	no	no
1253360619828510721	no	NA	NA	NA	NA	no	no
1239212421362921474	yes	no	yes	no	yes	no	yes
1239627585304264708	no	NA	NA	NA	NA	no	no
1240622336786731010	no	NA	NA	NA	NA	no	no
1246197936612089859	yes	no	no	no	no	no	no
1234121755301752832	no	NA	NA	NA	NA	no	no
1249988385281900545	yes	no	yes	no	yes	no	yes
1243260346493816843	no	NA	NA	NA	NA	no	no
1249300196179283968	no	NA	NA	NA	NA	no	no
1245101148090044418	no	NA	NA	NA	NA	no	no
1251436972058595334	no	NA	NA	NA	NA	no	no
1232722055507869698	no	NA	NA	NA	NA	no	no
1238217513537867780	no	NA	NA	NA	NA	no	no
1244503076423286784	yes	no	yes	no	no	no	no
1244749466378387457	yes	NA	yes	no	yes	no	yes
1242483157439401990	yes	no	yes	yes	yes	yes	yes
1237784226147323910	no	NA	NA	NA	NA	no	no
1239871820926464000	yes	yes	yes	yes	yes	yes	yes
1246449344817094658	no	NA	NA	NA	NA	no	no
1239232489434025984	no	NA	NA	NA	NA	no	yes
1256297838507470848	yes	no	no	no	no	no	no
1238331040067878912	no	NA	NA	NA	NA	no	no
1240199510388805632	no	NA	NA	NA	NA	no	no
1238730248704966657	yes	no	yes	no	yes	no	no
1247789420838699009	yes	no	yes	no	no	no	no
1235144753425059847	no	NA	NA	NA	NA	no	no
1254727052856524803	yes	no	yes	no	yes	no	no
1246046119668453376	yes	no	yes	no	yes	no	no
1233353756890279936	no	NA	NA	NA	NA	no	no
1239470236732178432	no	NA	NA	NA	NA	no	no
1259154335533056007	no	NA	NA	NA	NA	no	no
1238762694360039424	no	NA	NA	NA	NA	no	no
1253921422554079234	no	NA	NA	NA	NA	no	no
1239456499157647360	yes	no	no	no	no	no	no
1249784899193786368	no	NA	NA	NA	NA	no	no
1238893821565558784	no	NA	NA	NA	NA	no	no
1240579259007143936	no	NA	NA	NA	NA	no	no
1252997822527537152	yes	no	yes	no	yes	no	no
1238621335716270083	no	NA	NA	NA	NA	no	no
1254685694808784898	no	NA	NA	NA	NA	no	no
1233313270892781570	yes	no	yes	no	no	no	no
1243800325955424256	yes	no	yes	no	no	no	no
1253019489618276352	no	NA	NA	NA	NA	no	no
1238124950915088385	yes	no	no	no	no	no	no
1239999325561917443	yes	yes	yes	yes	no	yes	yes
1251845729657786368	no	NA	NA	NA	NA	no	no
1247316272095932416	no	NA	NA	NA	NA	no	no
1240907177340084224	yes	no	no	no	no	no	no
1237123245058424832	no	NA	NA	NA	NA	no	no
1244749212878848000	yes	no	yes	no	no	no	no
1250840200416309251	yes	no	no	no	no	no	no
1224938793544953856	no	NA	NA	NA	NA	no	no
1248276779304923136	no	NA	NA	NA	NA	no	no
1250729664013893632	no	NA	NA	NA	NA	no	no
1240518866855505920	yes	no	yes	no	no	no	no
1252504942457303041	yes	no	NA	no	no	no	no
1244742902590382080	yes	no	yes	no	yes	no	no
1245637264119455744	no	NA	NA	NA	NA	no	no
1252711122957938691	no	NA	NA	NA	NA	no	no
1251494500389748738	no	NA	NA	NA	NA	no	no
1249773805108674562	no	NA	NA	NA	NA	no	no
1244287557522935810	no	NA	NA	NA	NA	no	no
1240206671076634624	no	NA	NA	NA	NA	no	no
1252483888208908288	no	NA	NA	NA	NA	no	no
1244355014941970433	no	NA	NA	NA	NA	no	no
1244578868658348033	yes	no	no	no	no	no	no
1250809073060188161	no	NA	NA	NA	NA	no	yes
1243841683541942272	no	NA	NA	NA	NA	no	no
1237434431243247616	no	NA	NA	NA	NA	no	no
1247891087529619459	no	NA	NA	NA	NA	no	no
1241084831041290241	yes	no	yes	yes	yes	no	no
1249253115192377346	no	NA	NA	NA	NA	no	no
1254339392354897920	no	NA	NA	NA	NA	no	no
1255763378095693827	yes	NA	yes	no	yes	no	no
1243271333062021122	no	NA	NA	NA	NA	yes	yes
1262796086135132162	no	NA	NA	NA	NA	no	no
1252983896490356743	no	NA	NA	NA	NA	no	no
1240196342997082113	no	NA	NA	NA	NA	no	no
1239436453702221832	yes	no	no	no	no	no	no
1255784084346941440	no	NA	NA	NA	NA	no	no
1242201266765410314	no	NA	NA	NA	NA	no	no
1250792374026088452	no	NA	NA	NA	NA	yes	yes
1245266591291453440	no	NA	NA	NA	NA	no	no
1234475079641292801	no	NA	NA	NA	NA	no	no
1241384015963308034	no	NA	NA	NA	NA	no	no
1246659541418328064	yes	no	no	no	no	no	no
1239236577135669248	no	NA	NA	NA	NA	no	no
1240007821439242248	no	NA	NA	NA	NA	no	no
1244712767296278528	no	NA	NA	NA	NA	no	yes
1239826921019650048	no	NA	NA	NA	NA	no	no
1246301162426564608	yes	no	yes	no	no	no	no
1249422678194257925	no	NA	NA	NA	NA	no	no
1258289551933607936	yes	no	yes	no	no	no	no
1253232141900509184	yes	no	no	no	no	no	no
1237841114419187712	no	NA	NA	NA	NA	no	no
1266394486130737152	no	NA	NA	NA	NA	no	no
1248680644105904131	no	NA	NA	NA	NA	no	no
1251909165792071686	no	NA	NA	NA	NA	no	no
1243305419461799937	no	NA	NA	NA	NA	no	no
1246535020354863104	no	NA	NA	NA	NA	no	no
1260969124085280775	yes	no	yes	no	yes	no	yes
1251292574347911168	no	NA	NA	NA	NA	no	no
1239322931244806144	yes	no	no	no	no	no	no
1242174765667844101	yes	no	no	no	no	no	no
1252255721565159426	yes	no	no	no	no	no	no
1250318000298708992	no	NA	NA	NA	NA	no	no
1250065074217275392	yes	no	yes	no	no	no	no
1244206180852957184	yes	no	no	no	no	no	no
1251412750921805824	no	NA	NA	NA	NA	no	no
1244664375300014080	no	NA	NA	NA	NA	no	no
1254681512429133824	no	NA	NA	NA	NA	no	no
1229740585285824512	yes	no	yes	no	yes	no	no
1247945640199454721	no	NA	NA	NA	NA	no	no
1245063274305146880	no	NA	NA	NA	NA	no	no
1239296714017824770	yes	no	no	no	yes	no	no
1234480549819015178	no	NA	NA	NA	NA	no	no
1246155446186135552	yes	no	yes	no	no	no	no
1239529634464702472	yes	no	no	no	no	no	no
1241732275617873925	yes	no	yes	no	yes	no	yes
1254715646455296001	no	NA	NA	NA	NA	no	no
1248196525387382784	yes	no	yes	no	no	no	no
1245453948087132161	no	NA	NA	NA	NA	no	no
1238425162057502721	no	NA	NA	NA	NA	no	no
1241326107594539009	no	NA	NA	NA	NA	no	no
1236978108592463873	yes	no	yes	no	no	no	no
1242751568086212608	yes	no	yes	no	no	no	no
1232428810299154433	no	NA	NA	NA	NA	no	no
1245341404102098944	no	NA	NA	NA	NA	no	no
1244420752235003911	yes	NA	yes	no	no	no	no
1250779113582927872	yes	no	yes	no	no	no	no
1246781584688242689	no	NA	NA	NA	NA	no	no
1242211671562649609	yes	no	no	no	no	no	no
1242712228421394432	yes	no	yes	no	no	no	no
1254694125238190081	no	NA	NA	NA	NA	no	no
1240557763329048576	yes	no	yes	no	no	no	no
1242014375390720001	yes	no	no	no	no	no	no
1244514716807987207	yes	no	yes	no	no	no	no
1241270690734620673	no	NA	NA	NA	NA	no	no
1229000692720947204	yes	NA	yes	no	yes	no	no
1238222708107882496	no	NA	NA	NA	NA	no	no
1265135783872204802	yes	no	no	no	no	no	no
1239645163510734850	no	NA	NA	NA	NA	no	no
1240354186111434753	no	NA	NA	NA	NA	no	no
1236397022611222528	yes	no	yes	no	no	no	no
1246514405254332423	no	NA	NA	NA	NA	no	no
1237462645021782016	no	NA	NA	NA	NA	no	no
1245668810087993344	no	NA	NA	NA	NA	no	no
1242908647337975816	no	NA	NA	NA	NA	no	no
1254909147348439040	no	NA	NA	NA	NA	no	no
1255848447825108995	no	NA	NA	NA	NA	no	no
1240650027443392513	yes	no	yes	no	no	no	no
1242756607022415877	no	NA	NA	NA	NA	no	no
1239574162550730758	no	NA	NA	NA	NA	no	no
1240376910816968713	no	NA	NA	NA	NA	yes	no
1240280277206827009	no	NA	NA	NA	NA	no	no
1232997902349414400	yes	NA	yes	no	yes	no	no
1244970545273323521	yes	no	no	no	no	no	no
1224748686577676288	no	NA	NA	NA	NA	no	no
1240973476577579011	yes	no	no	no	no	no	no
1247808923689570305	yes	no	yes	no	yes	no	no
1239652475982004226	no	NA	NA	NA	NA	no	no
1236182126632067073	no	NA	NA	NA	NA	no	yes
1238460278062436353	yes	no	yes	no	no	no	no
1226806280217600000	no	NA	NA	NA	NA	no	no
1248338252072960002	yes	yes	yes	yes	yes	yes	yes
1232018866894725120	no	NA	NA	NA	NA	no	no
1257304891740975110	no	NA	NA	NA	NA	no	no
1241731736796528644	no	NA	NA	NA	NA	no	no
1252649212946382853	no	NA	NA	NA	NA	no	no
1241299807920062466	no	NA	NA	NA	NA	no	no
1240617860214468611	no	NA	NA	NA	NA	no	no
1247625546701430785	no	NA	NA	NA	NA	no	no
1245999988343279616	yes	no	yes	no	no	no	no
1242920863122497537	no	NA	NA	NA	NA	no	no
1234903635278139392	no	NA	NA	NA	NA	yes	no
1241314820030435328	no	NA	NA	NA	NA	no	no
1233031082251030528	yes	no	yes	no	yes	no	no
1253555385669242881	yes	no	no	no	no	no	no
1226281467640254465	no	NA	NA	NA	NA	no	no
1239279380486070274	yes	no	no	no	no	no	no
1260252199101386754	no	NA	NA	NA	NA	no	no
1251820157053345792	no	NA	NA	NA	NA	no	no
1235846208775573505	no	NA	NA	NA	NA	no	no
1251572690844090368	no	NA	NA	NA	NA	no	no
1225759880381976582	no	NA	NA	NA	NA	yes	no
1251120871101652993	yes	no	yes	no	no	no	no
1251130556105940992	no	NA	NA	NA	NA	no	no
1235277834471518208	no	NA	NA	NA	NA	no	no
1256244079010164743	no	NA	NA	NA	NA	no	no
1240358335578279939	no	NA	NA	NA	NA	no	no
1239972182991630336	no	NA	NA	NA	NA	no	no
1233798940262326272	no	NA	NA	NA	NA	no	no
1249436808196362245	no	NA	NA	NA	NA	no	no
1235828189840044034	no	NA	NA	NA	NA	no	no
1233785773373169664	yes	no	no	no	no	no	no
1244245439018393613	yes	no	yes	no	no	no	no
1252270144094646272	no	NA	NA	NA	NA	no	no
1248342426315603968	yes	no	no	no	no	no	no
1245334521681248268	no	NA	NA	NA	NA	no	no
1248736439413682177	no	NA	NA	NA	NA	no	yes
1242554663850913793	no	NA	NA	NA	NA	no	yes
1241263196910104577	no	NA	NA	NA	NA	no	no
1241981719038885888	yes	yes	yes	yes	yes	yes	yes
1240686718933598210	no	NA	NA	NA	NA	no	no
1239213178241810441	yes	no	no	no	no	no	no
1241367483598110720	no	NA	NA	NA	NA	no	yes
1240359882714480641	yes	NA	yes	no	yes	no	no
1239496320307662848	no	NA	NA	NA	NA	no	no
1237420520385253378	yes	no	no	no	no	no	no
1224637481263304704	yes	no	no	no	no	no	no
1239669847665106946	no	NA	NA	NA	NA	no	no
1242892943238868996	no	NA	NA	NA	NA	no	no
1241367988688891911	yes	NA	yes	no	yes	no	no
1244390693239435265	no	NA	NA	NA	NA	no	no
1248355714822742017	no	NA	NA	NA	NA	no	no
1242578185801342986	yes	no	yes	no	no	no	no
1238089601069318144	yes	no	yes	no	no	no	no
1261696115801497600	no	NA	NA	NA	NA	no	no
1242809998671056898	yes	no	yes	no	no	no	no
1243906705034969091	no	NA	NA	NA	NA	no	no
1233336853954207745	no	NA	NA	NA	NA	no	yes
1242823588224421888	no	NA	NA	NA	NA	no	no
1243915833728000001	no	NA	NA	NA	NA	no	no
1248523510697213952	no	NA	NA	NA	NA	no	no
1263539788977704962	yes	yes	no	no	no	no	no
1240646359998488581	no	NA	NA	NA	NA	no	no
1239142993006821378	no	NA	NA	NA	NA	no	no
1254491885286100994	yes	no	yes	no	no	no	no
1244676485341995013	no	NA	NA	NA	NA	no	no
1247786263257604096	yes	no	yes	no	no	no	no
1228567274715537408	yes	NA	no	no	no	no	no
1240686568559370242	yes	no	yes	no	no	no	no
1239236183990972419	yes	no	no	no	no	no	no
1245267572146257922	no	NA	NA	NA	NA	no	no
1249720124526997505	no	NA	NA	NA	NA	no	no
1250349399462404103	yes	no	yes	no	no	no	no
1238538245710979077	yes	yes	no	no	no	no	no
1240727188820934658	no	NA	NA	NA	NA	no	no
1242851172907655169	yes	no	yes	no	no	no	no
1255132334858186753	yes	no	yes	no	no	no	no
1247257492230410253	no	NA	NA	NA	NA	no	no
1240991934321221632	yes	no	yes	no	no	no	no
1244402842833649669	no	NA	NA	NA	NA	no	no
1244203857854545921	no	NA	NA	NA	NA	no	no
1248498554663866370	yes	NA	yes	no	yes	no	no
1239923254858563590	yes	no	yes	no	no	no	no
1240742896686563328	no	NA	NA	NA	NA	no	no
1254071839866880000	no	NA	NA	NA	NA	no	no
1240707994859470848	no	NA	NA	NA	NA	no	no
1244684717745754124	no	NA	NA	NA	NA	no	no
1244561914044317698	no	NA	NA	NA	NA	no	no
1244929952384012288	no	NA	NA	NA	NA	no	no
1243182057574010883	no	NA	NA	NA	NA	no	no
1239287550797328384	no	NA	NA	NA	NA	no	no
1242501351650844673	yes	no	no	no	no	no	no
1248640398794338307	yes	no	no	no	no	no	no
1240191546638716928	no	NA	NA	NA	NA	no	no
1232714701571792896	yes	no	no	no	no	no	no
1240335876418424838	no	NA	NA	NA	NA	no	no
1254403556683194372	no	NA	NA	NA	NA	no	no
1240263909145284610	yes	no	yes	no	no	no	no
1244291340600475659	yes	no	yes	no	no	no	no
1234865734926426112	no	NA	NA	NA	NA	no	no
1240931463169794049	no	NA	NA	NA	NA	no	no
1234910776755879946	no	NA	NA	NA	NA	no	no
1245080077177622530	yes	no	yes	no	no	no	no
1236636703554785282	yes	no	no	no	no	no	no
1243206336747171840	yes	no	yes	no	no	no	no
1250761488308023299	no	NA	NA	NA	NA	no	no
1238045760568143872	no	NA	NA	NA	NA	no	no
1243933853301067776	yes	no	yes	no	no	no	no
1251177581833064449	yes	no	yes	no	no	no	no
1243310375044595712	no	NA	NA	NA	NA	no	no
1252515568793649153	no	NA	NA	NA	NA	no	no
1239612950752759814	no	NA	NA	NA	NA	no	no
1249249010507972620	no	NA	NA	NA	NA	no	yes
1243992834346188802	no	NA	NA	NA	NA	no	no
1260487524482416645	yes	no	yes	no	no	no	no
1241702038720954368	no	NA	NA	NA	NA	no	no
1236753686380019712	no	NA	NA	NA	NA	no	yes
1242529516830031873	yes	no	no	no	no	no	no
1238735422643200000	yes	no	yes	no	no	no	no
1249948722311639041	yes	no	yes	no	no	no	no
1244659055471271936	yes	no	no	no	no	no	no
1225395001988984835	no	NA	NA	NA	NA	no	yes
1239695458748051462	yes	no	yes	no	no	no	no
1238509395778113538	no	NA	NA	NA	NA	no	no
1240669370709356548	no	NA	NA	NA	NA	no	yes
1243895700175425537	no	NA	NA	NA	NA	no	no
1237450368583438339	no	NA	NA	NA	NA	no	no
1240910912007147520	yes	no	no	no	no	no	no
1244599724117839874	no	NA	NA	NA	NA	no	no
1252686647168204806	no	NA	NA	NA	NA	no	no
1237328566544670720	no	NA	NA	NA	NA	no	no
1241283418756911104	no	NA	NA	NA	NA	no	no
1248240126813188097	yes	no	no	no	no	no	no
1241513581285380096	no	NA	NA	NA	NA	no	no
1247045392086245376	no	NA	NA	NA	NA	no	yes
1235940395621715968	yes	no	no	no	no	no	no
1253250954138472450	no	NA	NA	NA	NA	no	yes
1247785157081190401	no	NA	NA	NA	NA	no	yes
1232635837663318016	no	NA	NA	NA	NA	no	no
1246400399126532096	yes	no	yes	no	no	no	no
1241357838007652352	yes	no	no	no	no	no	no
1250556138543857671	yes	no	yes	no	no	no	no
1240221684164177920	yes	no	no	no	no	no	no
1237258349365903360	no	NA	NA	NA	NA	no	no
1240733356893057027	yes	no	no	no	no	no	no
1247572759703584777	yes	no	yes	no	no	no	no
1311251856866279426	yes	no	yes	no	no	no	no
1295675137572970496	no	NA	NA	NA	NA	no	no
1285553902188994560	yes	no	yes	no	no	no	no
1267328554305544192	no	NA	NA	NA	NA	no	no
1268444104452722688	no	NA	NA	NA	NA	no	no
1271159490516258822	no	NA	NA	NA	NA	no	no
1308178741982527489	no	NA	NA	NA	NA	no	no
1304153112668766232	no	NA	NA	NA	NA	no	no
1270604778637312000	no	NA	NA	NA	NA	no	yes
1275767310444310529	no	NA	NA	NA	NA	no	no
1275088544705458178	no	NA	NA	NA	NA	no	no
1299776521171873793	no	NA	NA	NA	NA	no	no
1272914978106982400	no	NA	NA	NA	NA	no	no
1286610319201239040	yes	yes	yes	yes	yes	yes	yes
1292706036349112320	no	NA	NA	NA	NA	no	no
1276242448403107840	yes	no	yes	no	no	no	no
1275750289543516166	no	NA	NA	NA	NA	no	no
1303207704824098818	no	NA	NA	NA	NA	no	no
1286230988197068800	yes	no	yes	no	no	no	no
1289265841087881218	no	NA	NA	NA	NA	no	yes
1274690233695719424	no	NA	NA	NA	NA	no	yes
1281703832788045824	yes	no	yes	no	yes	no	no
1289850527581270016	no	NA	NA	NA	NA	no	no
1286674911734333440	yes	no	yes	no	no	no	no
1284221343806951426	yes	no	yes	no	yes	no	no
1307007408586317824	yes	NA	yes	no	yes	no	yes
1307771592076865543	no	NA	NA	NA	NA	no	no
1289480569462706176	no	NA	NA	NA	NA	no	no
1292394532538122240	no	NA	NA	NA	NA	no	no
1268829467167916032	no	NA	NA	NA	NA	no	no
1292413001740550145	yes	no	yes	no	no	no	no
1267847874240528386	no	NA	NA	NA	NA	no	no
1299734544623468544	no	NA	NA	NA	NA	no	no
1308089311863156737	no	NA	NA	NA	NA	no	no
1272161603744673795	no	NA	NA	NA	NA	no	no
1278685558085242883	yes	no	no	no	no	no	no
1273245479418179584	no	NA	NA	NA	NA	no	no
1308378148875231232	yes	no	yes	no	no	no	no
1298197923134570497	yes	NA	yes	no	no	no	no
1289987485502562305	no	NA	NA	NA	NA	no	no
1271734597466947585	no	NA	NA	NA	NA	no	no
1293838473028403201	yes	no	yes	no	no	no	no
1298981901089136655	no	NA	NA	NA	NA	no	no
1272442840208064513	no	NA	NA	NA	NA	no	no
1275821344240869376	no	NA	NA	NA	NA	no	no
1286030672675647493	yes	no	yes	no	no	no	no
1291958236460068864	yes	no	yes	no	no	no	no
1289120165393838080	no	NA	NA	NA	NA	no	no
1297308686919110657	no	NA	NA	NA	NA	no	no
1286604521297383425	yes	no	yes	no	no	no	no
1280238454832537601	no	NA	NA	NA	NA	no	no
1299094154396536832	no	NA	NA	NA	NA	no	no
1295414988614643714	yes	no	yes	no	no	no	no
1269972102318370816	yes	no	yes	no	no	no	no
1299270320990359552	yes	no	yes	no	no	no	no
1295723006698848257	yes	no	yes	no	no	no	no
1284747115936219137	yes	no	yes	no	yes	no	no
1304291673665609728	no	NA	NA	NA	NA	no	yes
1288203697072242688	no	NA	NA	NA	NA	no	yes
1285871914494447617	no	NA	NA	NA	NA	no	no
1293959652414304258	no	NA	NA	NA	NA	no	yes
1308469762473820160	no	NA	NA	NA	NA	no	no
1280865051373703168	no	NA	NA	NA	NA	no	no
1308691352906014720	no	NA	NA	NA	NA	no	yes
1287755824950059010	no	NA	NA	NA	NA	no	no
1270391495808425986	yes	yes	yes	yes	no	yes	yes
1269630381285953543	no	NA	NA	NA	NA	no	no
1296151779198013440	no	NA	NA	NA	NA	no	no
1237717951861710849	yes	no	yes	yes	no	yes	yes
1244988122015961090	yes	no	yes	no	no	no	no
1240296656660312070	no	NA	NA	NA	NA	no	no
1246529349718810624	no	NA	NA	NA	NA	no	no
1244266915020845057	yes	no	yes	no	yes	no	no
1255213895305891841	no	NA	NA	NA	NA	no	yes
1255790498113036289	yes	no	yes	no	no	no	yes
1240354736819384327	yes	no	yes	no	no	no	no
1250793273414881280	no	NA	NA	NA	NA	no	no
1250674113053589504	no	NA	NA	NA	NA	no	no
1243243301890908162	no	NA	NA	NA	NA	yes	yes
1252335010222354433	yes	no	yes	no	NA	no	yes
1245041903244054528	yes	no	no	no	no	no	no
1247776247137964032	no	NA	NA	NA	NA	yes	yes
1240356015624855558	no	NA	NA	NA	NA	no	no
1238010131343908864	no	NA	NA	NA	NA	no	yes
1238427537216278528	no	NA	NA	NA	NA	no	yes
1254393061930606598	no	NA	NA	NA	NA	yes	yes
1238916114786254858	yes	no	yes	no	no	no	no
1245375271714402304	yes	no	yes	no	no	no	no
1250043628405370881	yes	no	no	no	no	no	no
1250392666430455809	yes	no	yes	no	no	no	no
1252677484648284160	no	NA	NA	NA	NA	no	no
1244581230168981505	no	NA	NA	NA	NA	no	yes
1242151357303402498	yes	yes	no	no	no	no	no
1245707396934176769	yes	no	no	no	no	no	no
1255085489717161984	yes	no	yes	no	yes	no	yes
1240309000853491713	yes	no	yes	no	no	no	yes
1243144400739368966	yes	NA	yes	no	no	no	no
1238180282743824384	yes	no	no	no	no	no	no
1241421322292539393	yes	no	yes	no	no	no	yes
1238392169473478657	yes	no	no	no	no	no	no
1241009786461790213	yes	no	yes	no	yes	no	no
1238139111183089673	yes	NA	yes	no	yes	yes	yes
1238783858751004677	yes	no	no	no	no	no	no
1252651055256666113	no	NA	NA	NA	NA	no	no
1240654400256868353	yes	no	yes	no	no	no	yes
1240251414787522560	no	NA	NA	NA	NA	no	yes
1250839121553219585	yes	no	yes	yes	yes	no	no
1247581810663526403	no	NA	NA	NA	NA	no	no
1251573966952714240	yes	no	no	no	no	no	no
1238566228748271616	yes	yes	no	no	no	no	no
1239507675710357506	no	NA	NA	NA	NA	yes	yes
1242540699901460482	yes	no	yes	no	no	no	yes
1237692585306722304	yes	no	yes	no	yes	no	no
1245394230232649728	yes	no	yes	no	no	no	yes
1235575022145671169	yes	no	NA	no	no	no	yes
1248939269948932098	yes	yes	yes	yes	yes	yes	yes
1241496387977711618	no	NA	NA	NA	NA	no	no
1252648188038840321	no	NA	NA	NA	NA	no	yes
1251570273830293504	yes	no	yes	NA	yes	yes	yes
1242744428776677376	yes	no	yes	no	yes	no	yes
1239178437761347584	yes	yes	yes	no	yes	yes	yes
1236407881811087362	yes	no	yes	no	no	no	no
1232603180904611840	yes	no	yes	no	no	no	no
1239601284212314113	yes	yes	yes	no	yes	no	no
1238126616548708353	no	NA	NA	NA	NA	no	no
1239961249418481666	yes	no	yes	no	no	no	no
1247056500943716353	yes	yes	yes	yes	yes	no	yes
1248714872541433864	yes	no	yes	no	no	no	no
1241511136459096068	yes	no	yes	no	yes	no	no
1236675607850876934	yes	no	yes	no	NA	no	no
1247572338515808256	no	NA	NA	NA	NA	no	no
1239085971850870784	yes	no	yes	no	yes	no	no
1239318356529995777	no	NA	NA	NA	NA	no	no
1239486167269212160	no	NA	NA	NA	NA	no	no
1238193918715576321	yes	no	yes	NA	yes	no	no
1247963735823695873	no	NA	NA	NA	NA	no	no
1253988852680843264	yes	no	yes	no	no	no	yes
1240680803220291584	yes	no	yes	no	no	no	no
1247832424203071490	yes	no	no	no	no	no	no
1248319186713096193	yes	no	yes	yes	yes	yes	yes
1242747527813672965	no	NA	NA	NA	NA	no	no
1254866100765876224	yes	yes	yes	yes	yes	yes	yes
1235455451099262976	yes	yes	NA	yes	NA	NA	no
1230475159817138177	yes	no	no	no	NA	NA	yes
1246083135646978048	yes	yes	yes	yes	yes	no	no
1255069541052416001	yes	yes	yes	yes	yes	yes	yes
1242517044370825216	yes	no	yes	no	no	no	no
1240002000395407360	yes	no	no	no	no	no	no
1238935863238639616	yes	no	yes	no	yes	no	no
1237761054379294721	yes	no	yes	no	yes	no	yes
1242449742728245248	no	NA	NA	NA	NA	no	no
1246903755037171714	yes	no	yes	no	no	no	no
1231589676554870786	yes	no	yes	NA	yes	no	yes
1241699077525573632	no	NA	NA	NA	NA	no	yes
1247183568612265988	no	NA	NA	NA	NA	no	yes
1249430661968076800	no	NA	NA	NA	NA	no	yes
1240317135601139713	yes	no	no	no	no	no	no
1252653993169424386	yes	yes	no	no	no	yes	yes
1250842146523041794	no	NA	NA	NA	NA	no	yes
1242477163938365444	yes	no	yes	no	yes	no	no
1253626003202756610	no	NA	NA	NA	NA	no	no
1245042102800732164	no	NA	NA	NA	NA	no	no
1254421497743106051	yes	no	yes	no	yes	no	no
1255264052726693890	yes	no	yes	no	yes	no	yes
1254404780350464000	no	NA	NA	NA	NA	yes	no
1235563285421805568	yes	no	yes	no	no	no	no
1243811431608442880	yes	no	yes	no	yes	no	yes
1241428411161206784	yes	yes	yes	no	yes	yes	yes
1252344361183928323	no	NA	NA	NA	NA	no	no
1242773703005437952	no	NA	NA	NA	NA	NA	yes
1238751766059114496	yes	no	yes	no	yes	no	yes
1241248064012156933	yes	no	yes	no	no	yes	yes
1240044573432438788	yes	yes	yes	yes	yes	yes	yes
1241323373910769664	yes	no	yes	yes	no	no	yes
1241114582233559041	yes	no	yes	no	yes	no	yes
1238382479616159750	yes	yes	yes	no	no	yes	no
1237762960162000898	yes	no	yes	no	yes	no	no
1244794816103317505	no	NA	NA	NA	NA	no	no
1238074771881046016	yes	no	no	no	no	no	no
1237791785465888768	no	NA	NA	NA	NA	no	yes
1242871426065076225	no	NA	NA	NA	NA	no	no
1234146090926080001	yes	no	yes	no	yes	no	no
1251934450683953155	yes	no	yes	yes	yes	no	yes
1255469833145192452	yes	NA	yes	no	yes	no	no
1238724850191138816	yes	no	yes	no	yes	no	no
1237642137996595200	no	NA	NA	NA	NA	no	no
1234135508298715136	yes	NA	yes	yes	yes	yes	yes
1238536068397400064	yes	no	yes	no	yes	no	no
1242918684550709248	yes	no	yes	no	yes	no	yes
1245425955440660487	yes	no	yes	yes	yes	no	yes
1247574298619006977	yes	no	yes	no	no	no	no
1241449681030393860	yes	no	yes	no	yes	no	no
1240283500797984768	yes	NA	no	no	no	no	no
1242387020586135552	yes	no	yes	no	no	no	yes
1246898664372568066	yes	no	no	no	no	no	yes
1252539356402810881	yes	no	yes	yes	yes	no	yes
1250610655595499520	yes	yes	yes	yes	no	yes	yes
1238872218756669440	yes	no	yes	no	no	no	no
1224044613528444928	yes	no	yes	no	yes	no	no
1240994273216073729	yes	no	yes	no	yes	yes	no
1252895947346100226	yes	no	no	no	no	no	no
1238185119040618496	yes	no	yes	no	no	no	no
1241743028898934789	yes	no	yes	no	yes	no	no
1232768423341576192	yes	no	yes	no	yes	no	no
1240271498893348871	yes	no	yes	no	no	no	no
1237512142934257665	yes	yes	yes	yes	yes	yes	yes
1243322405138857987	yes	no	no	yes	no	yes	yes
1238772668100468736	yes	no	yes	no	yes	no	no
1247573963254923264	no	NA	NA	NA	NA	no	no
1236297010556346369	yes	no	yes	no	yes	no	no
1239217290656321542	no	NA	NA	NA	NA	no	yes
1243132220690305025	yes	no	yes	no	yes	no	yes
1247536288984514561	yes	no	yes	no	yes	no	no
1241663709866582016	yes	yes	no	no	no	no	no
1240946392975183874	yes	no	yes	no	no	no	yes
1245637713119698944	yes	no	NA	no	no	no	no
1238370078460121088	yes	yes	yes	yes	no	no	yes
1234383901205942273	yes	no	yes	no	yes	no	no
1243131455506657280	yes	no	yes	no	no	no	no
1252358459535667200	yes	no	yes	no	yes	no	yes
1238381483338993665	no	NA	NA	NA	NA	no	no
1242860833279029249	yes	no	yes	no	no	no	no
1238726970793512960	yes	yes	yes	yes	yes	yes	yes
1238559639777816576	no	NA	NA	NA	NA	no	no
1250005187953123328	yes	no	yes	no	no	no	yes
1243250684142723072	yes	no	yes	yes	yes	no	yes
1247495983535214596	yes	no	yes	no	no	no	no
1252653197933625346	yes	yes	yes	yes	yes	no	no
1236794597067632646	yes	no	yes	no	yes	no	no
1240323746604425226	yes	yes	yes	yes	no	no	yes
1253330387159277568	yes	no	yes	no	yes	no	yes
1255068907259428864	yes	yes	yes	yes	yes	yes	yes
1249331325443719170	yes	no	yes	no	no	no	no
1241783524149145602	yes	no	yes	no	no	no	no
1253915531289284618	yes	yes	yes	yes	yes	yes	yes
1238260501093679105	yes	no	yes	yes	no	no	yes
1238767745719730177	no	NA	NA	NA	NA	no	no
1242155522696138752	yes	no	yes	no	yes	no	no
1243670216267227144	yes	no	yes	no	no	no	no
1254108396443316225	yes	no	no	no	no	no	no
1238116535950073857	yes	no	yes	no	yes	no	yes
1244338734021181441	yes	no	yes	no	yes	no	no
1248366017052639235	yes	yes	yes	yes	no	yes	yes
1234485421574381568	yes	no	yes	no	no	no	no
1240717460208156673	yes	no	no	no	no	no	no
1238035942398705664	yes	yes	yes	yes	yes	yes	yes
1248489242843471872	no	NA	NA	NA	NA	no	yes
1238295818974703621	yes	no	yes	no	no	no	no
1234129838606295046	yes	yes	no	NA	NA	no	yes
1253284425665839106	no	NA	NA	NA	NA	yes	yes
1253762737827655680	yes	no	no	no	no	no	no
1240579518751965184	yes	no	yes	no	no	no	no
1249984506523791362	yes	no	yes	no	no	no	no
1233777976338210818	yes	no	yes	no	no	no	no
1245615577860718594	yes	NA	yes	no	yes	no	no
1233334481257467904	yes	no	yes	no	yes	no	no
1242033708720324615	no	NA	NA	NA	NA	no	yes
1235843841342582785	yes	no	yes	no	no	no	no
1243652054071074816	yes	no	yes	no	yes	no	no
1238172406553944064	yes	yes	yes	yes	no	no	yes
1252678982648152065	yes	no	yes	no	yes	no	yes
1237816272789831683	yes	no	yes	no	yes	yes	yes
1238110005594857475	yes	no	yes	no	no	no	yes
1242019169354334208	yes	yes	NA	yes	no	yes	yes
1239515360786866183	yes	no	no	no	no	no	no
1248518998498705408	yes	no	yes	no	no	no	no
1238845721350221824	no	NA	NA	NA	NA	no	yes
1246259990689611777	yes	no	yes	no	no	no	yes
1247913141587136514	no	NA	NA	NA	NA	no	yes
1251461282101964805	yes	no	no	no	no	no	no
1240343239724609536	no	NA	NA	NA	NA	no	no
1240321953036206087	yes	no	yes	no	no	no	no
1243837830637502465	yes	no	no	no	no	no	no
1238747745109803009	yes	yes	yes	yes	yes	yes	yes
1236276298030317568	yes	no	yes	no	no	no	no
1236293696863252481	yes	no	yes	no	yes	no	no
1246538099729018880	yes	no	yes	yes	yes	no	no
1235281755776733184	no	NA	NA	NA	NA	no	yes
1236808310457860096	yes	no	yes	no	yes	yes	yes
1243491191544561666	yes	yes	yes	yes	yes	no	yes
1243472137601646593	yes	no	yes	no	no	no	no
1245424082163728384	yes	yes	yes	yes	yes	yes	yes
1243460476576686081	no	NA	NA	NA	NA	no	NA
1238554023390822400	yes	yes	yes	yes	yes	no	yes
1238065389038428161	yes	no	no	no	no	no	no
1243169331233673216	yes	no	yes	no	no	no	no
1249519430549323776	yes	no	yes	no	no	no	no
1240652089900089345	yes	no	yes	no	no	no	no
1238476559121612801	yes	no	yes	no	no	no	no
1239121972375818244	yes	yes	yes	yes	yes	yes	yes
1254783307675398147	yes	no	NA	no	no	no	no
1236800399505530880	no	NA	NA	NA	NA	no	no
1235540409721516032	yes	yes	yes	no	yes	yes	no
1251839978839183360	yes	no	yes	no	yes	no	no
1241453983924961281	yes	no	no	no	no	no	no
1238558640933658629	yes	yes	no	no	no	no	no
1248342096005795844	yes	no	yes	no	yes	no	no
1245788740368416768	yes	no	yes	no	no	no	no
1250760229031206914	yes	yes	yes	no	yes	no	yes
1241859771512377346	yes	no	yes	no	no	no	yes
1238562333179461632	yes	no	no	no	no	no	no
1251620025754177538	yes	yes	no	no	no	no	no
1252653215679684610	no	NA	NA	NA	NA	no	no
1233152144313896964	yes	no	no	no	no	no	no
1233968038527033344	yes	no	yes	no	no	no	no
1249017341909839876	yes	no	yes	no	no	no	no
1238221120375066624	yes	no	yes	no	yes	no	no
1239095993758633984	yes	yes	yes	no	yes	no	yes
1243851268168339456	yes	no	no	yes	no	no	no
1252644382911664129	yes	yes	yes	no	yes	no	yes
1239212771734163457	yes	NA	yes	no	yes	no	yes
1238961927327567872	yes	no	yes	no	yes	no	yes
1237083176981467141	yes	no	yes	no	yes	no	no
1250762680924856327	yes	yes	yes	yes	yes	yes	yes
1234508520860606464	yes	NA	no	no	no	no	no
1245291424385511425	no	NA	NA	NA	NA	no	yes
1238465725599186945	yes	no	yes	yes	no	no	yes
1238402980979884032	yes	no	yes	no	yes	no	no
1248565578236858368	yes	no	yes	yes	no	no	no
1237793667261308932	no	NA	NA	NA	NA	no	no
1238168995343355904	yes	NA	yes	NA	yes	NA	yes
1241284398475083777	yes	no	yes	no	yes	no	yes
1254381452856307714	yes	no	yes	no	no	no	no
1234055153982038016	yes	no	yes	no	no	no	no
1239157035566071809	yes	no	yes	no	no	no	no
1245037078481698816	yes	yes	yes	yes	no	yes	yes
1253807514803634176	yes	no	yes	no	yes	no	no
1252247182935277576	yes	yes	yes	yes	no	yes	yes
1247489381440598018	yes	no	yes	no	no	no	yes
1242755372810678272	yes	NA	yes	no	no	no	no
1236380728822239237	yes	no	yes	no	no	no	no
1241467988756312064	yes	yes	yes	yes	yes	yes	yes
1242279057317859331	yes	yes	yes	yes	yes	yes	yes
1243109607737896962	yes	no	yes	no	no	no	no
1252613330843439111	yes	no	yes	no	no	no	no
1248861446253039618	yes	no	yes	no	no	no	no
1240285630195736576	yes	no	no	no	no	no	no
1239618718356865024	yes	no	yes	no	no	yes	no
1249340063000989696	yes	yes	yes	yes	yes	yes	yes
1244660031846600712	yes	no	no	no	no	no	no
1240726121408335872	yes	yes	yes	no	yes	yes	yes
1238792010275921921	yes	yes	yes	yes	yes	yes	yes
1250346601840664577	yes	yes	yes	yes	yes	yes	yes
1240527222735323136	yes	no	yes	no	yes	no	no
1243848921836933120	yes	no	yes	no	yes	no	no
1254056645581254659	yes	no	yes	no	yes	no	no
1238133211940651008	yes	no	no	no	no	no	no
1230562282754560000	yes	NA	yes	no	yes	no	no
1242810680778133507	yes	yes	yes	yes	yes	yes	yes
1238148673399394304	yes	yes	yes	yes	yes	no	yes
1248159073599619072	yes	no	yes	no	no	no	no
1245003518265765890	no	NA	NA	NA	NA	yes	no
1242693045876916224	yes	no	yes	no	no	no	no
1240720573635985409	no	NA	NA	NA	NA	yes	no
1250087115381256193	yes	no	yes	no	no	no	no
1247980727012122625	no	NA	NA	NA	NA	no	no
1238089874454056961	yes	no	yes	no	yes	no	no
1240289584702992389	yes	no	yes	yes	yes	no	no
1235397067595558918	yes	no	yes	yes	no	no	no
1239440116948623363	yes	no	no	no	no	no	no
1237769657743966208	yes	no	no	no	no	no	no
1238355038977888256	yes	no	yes	no	no	no	yes
1244220812074369024	no	NA	NA	NA	NA	no	no
1248252750464536578	yes	no	no	no	no	no	no
1244910251167625217	yes	no	yes	yes	no	no	no
1254292353780719616	yes	no	no	no	no	no	no
1242387176488386561	yes	no	yes	no	no	no	no
1241354270189981696	no	NA	NA	NA	NA	no	yes
1248719096440651779	yes	no	yes	no	no	no	no
1244643244237086722	no	NA	NA	NA	NA	no	yes
1252706377786707969	yes	no	yes	no	no	no	no
1247515129996103681	yes	no	yes	no	yes	no	no
1237753312247787520	yes	no	yes	no	no	no	yes
1244885255636516865	yes	no	yes	no	no	no	no
1255501124800561157	yes	no	yes	no	no	no	no
1254348652610572288	yes	yes	yes	yes	yes	yes	yes
1238492934229635072	yes	yes	no	yes	no	no	no
1240280396010569732	yes	yes	yes	yes	yes	yes	yes
1241811667517943808	yes	no	yes	no	no	no	no
1250333441956040707	yes	no	no	no	no	no	no
1238240386650451969	yes	no	no	no	no	no	no
1239214180990963712	yes	no	yes	no	no	no	no
1246759230155169793	yes	no	yes	no	no	no	no
1237744283924529152	yes	no	no	no	no	no	no
1238211503884550144	yes	no	yes	no	yes	no	no
1252647499925520384	yes	yes	yes	yes	yes	no	yes
1254836640691994626	yes	no	yes	no	no	no	no
1234128903192612870	yes	no	yes	yes	yes	yes	yes
1242044658156519425	no	NA	NA	NA	NA	no	yes
1250472312551456773	no	NA	NA	NA	NA	yes	yes
1241500650489425921	yes	no	yes	no	yes	no	no
1240058926210732032	yes	no	yes	no	no	no	no
1242566869598572549	yes	no	no	no	no	no	no
1245244785033728008	yes	yes	yes	yes	yes	yes	yes
1243647118121861127	yes	yes	no	yes	yes	yes	yes
1241774221388365824	yes	no	yes	no	no	no	yes
1242783305650577411	yes	no	yes	no	no	no	no
1249440079787032576	yes	NA	yes	yes	yes	no	yes
1247482008919576576	yes	no	yes	no	no	no	no
1249424064751587329	yes	no	yes	no	yes	no	no
1245711935229870080	yes	no	yes	no	yes	no	no
1238401180931362817	no	NA	NA	NA	NA	yes	no
1250399145996750848	yes	yes	yes	yes	yes	yes	yes
1247899350618927104	no	NA	NA	NA	NA	no	yes
1248727894907592706	yes	NA	yes	yes	yes	no	yes
1251527199758462978	yes	yes	yes	yes	yes	yes	yes
1235137887890558976	no	NA	NA	NA	NA	yes	no
1254766277484109824	yes	no	yes	no	no	no	no
1240743988086353924	yes	NA	yes	yes	yes	yes	yes
1237655025331187712	yes	no	yes	no	no	no	no
1252654124581224449	yes	no	yes	no	no	no	no
1241378626026774528	yes	no	yes	no	yes	no	no
1249327480617537536	no	NA	NA	NA	NA	no	no
1238492731963473920	yes	yes	yes	yes	yes	yes	yes
1255540205643345921	yes	yes	yes	yes	yes	yes	yes
1238104996811542528	no	NA	NA	NA	NA	no	no
1254162351097630721	yes	yes	yes	yes	yes	yes	yes
1232356672372379648	yes	no	yes	no	no	no	no
1238800643596472320	yes	no	no	no	no	no	no
1239436183005990912	yes	no	yes	no	yes	no	no
1238408003788906496	yes	yes	no	no	no	no	no
1241479955210534912	yes	no	yes	no	yes	yes	no
1252945750356643841	yes	no	no	no	no	no	no
1240314719854120965	yes	no	yes	no	no	no	no
1237615854210166789	no	NA	NA	NA	NA	no	yes
1242378501971460096	yes	no	yes	no	no	no	no
1241650395304296448	yes	NA	NA	yes	yes	yes	no
1238088406460178432	yes	no	no	no	yes	no	no
1250015191993069568	yes	no	no	no	no	no	no
1239241230128754694	yes	yes	yes	no	yes	no	no
1254015915194187778	yes	no	yes	no	yes	no	no
1250465875683094531	yes	no	yes	no	no	no	yes
1252799752044859392	no	NA	NA	NA	NA	yes	yes
1238459368380735490	yes	no	yes	no	yes	no	no
1240673656612798464	yes	no	yes	no	yes	yes	yes
1248129247908114432	yes	no	no	no	no	no	no
1240271059921833984	yes	yes	yes	no	yes	no	yes
1243170225585037313	yes	no	yes	no	yes	no	no
1247582473225109505	yes	yes	yes	yes	yes	no	no
1251944848363585543	yes	no	yes	no	yes	no	no
1241114161452584963	yes	no	yes	no	no	no	no
1238810471333052420	yes	NA	no	no	no	no	no
1245548903963004929	yes	NA	no	no	no	no	no
1242421476785078272	yes	no	yes	no	yes	no	no
1248901724863152130	yes	no	yes	no	no	no	no
1243830584906059777	yes	yes	yes	yes	yes	yes	yes
1265527998620618754	yes	NA	yes	yes	yes	no	no
1233215127270219781	yes	NA	yes	no	yes	no	yes
1263015781677367296	yes	yes	yes	no	no	no	yes
1248249312020025344	yes	no	no	no	no	no	no
1253272306178232326	yes	no	yes	no	no	no	no
1243919071072210947	yes	no	yes	no	no	no	no
1245379416525623297	yes	NA	yes	no	no	no	no
1245726709619535872	yes	no	yes	no	no	no	no
1245936560849199107	yes	no	yes	no	no	no	no
1247535540603219979	yes	no	yes	yes	no	no	no
1242156024708108292	yes	no	no	no	no	no	yes
1242212475354992647	yes	NA	yes	no	no	no	yes
1244567973559521281	yes	yes	yes	yes	yes	yes	yes
1241267479843934208	yes	yes	yes	yes	no	yes	yes
1251061231169015810	no	NA	NA	NA	NA	no	no
1238056428138647553	yes	NA	yes	no	yes	no	no
1240276051240067073	no	NA	NA	NA	NA	no	yes
1248508602182176769	yes	no	no	no	no	no	no
1246363360540712960	yes	no	yes	no	yes	no	yes
1254181969283473413	yes	yes	yes	yes	no	yes	yes
1237064150465032192	yes	yes	yes	yes	no	no	yes
1254684752013070337	no	NA	NA	NA	NA	no	no
1244548499338919936	yes	no	yes	yes	no	no	no
1233105015998439426	yes	no	NA	no	no	no	no
1248822359001350146	yes	no	yes	no	no	no	no
1252195746310426626	yes	no	yes	no	yes	no	no
1229706211399958529	yes	NA	yes	yes	yes	no	no
1253576589222256640	yes	no	yes	no	no	no	no
1257767552182292480	yes	no	yes	no	no	no	no
1259014590547079170	yes	yes	yes	yes	yes	yes	yes
1250329750079340544	yes	no	yes	yes	yes	no	no
1249367318053912576	yes	no	yes	no	yes	no	yes
1240356793294954496	yes	no	yes	no	no	no	no
1244659315857862657	yes	no	yes	no	yes	no	no
1251457908241575937	yes	no	no	yes	yes	no	no
1238232294378348546	yes	yes	yes	yes	no	yes	yes
1251852901674364929	yes	NA	yes	NA	yes	no	no
1239179084984397824	yes	yes	no	no	no	no	no
1248381749144326147	yes	yes	yes	no	yes	yes	yes
1242691706165825537	yes	no	yes	no	no	no	no
1238753479063109633	no	NA	NA	NA	NA	yes	yes
1242435754015547395	yes	no	yes	no	no	no	no
1240958496478318592	yes	yes	yes	yes	yes	no	yes
1245284217556213760	yes	no	yes	no	no	no	no
1245338651476865025	yes	no	yes	no	no	no	no
1250416082030137344	yes	no	NA	no	no	no	no
1252965738039705600	yes	no	NA	no	no	no	no
1228363386066477056	yes	no	yes	no	yes	no	no
1244733757225086978	yes	yes	yes	yes	no	yes	yes
1251128543309955073	yes	no	yes	no	yes	no	yes
1234765793541394432	yes	no	yes	no	no	no	no
1251138435743711233	yes	yes	yes	yes	yes	yes	yes
1245487314526187523	yes	no	yes	no	yes	no	no
1243070828578775040	yes	no	yes	yes	yes	yes	yes
1248467552159666176	yes	no	yes	no	yes	no	no
1254043515501363201	yes	NA	no	no	NA	no	no
1250323427677753344	yes	yes	yes	yes	yes	yes	yes
1240392577049939973	yes	no	no	no	no	no	no
1253269890909319170	yes	no	no	no	no	no	no
1239497927455801344	yes	no	yes	no	no	no	no
1240104300883390464	no	NA	NA	NA	NA	yes	yes
1245434949471264777	yes	yes	yes	no	yes	no	no
1238202379876655118	yes	no	yes	no	yes	no	yes
1247577076930142214	yes	no	yes	yes	no	no	no
1245378896922652673	yes	no	yes	no	no	no	no
1247922296586633217	yes	yes	yes	no	yes	yes	yes
1245041873569427457	yes	no	yes	yes	no	no	yes
1231119698663739393	yes	no	yes	no	no	no	no
1233125864004628481	yes	no	no	no	no	no	no
1230283075659161600	yes	no	yes	yes	yes	yes	yes
1242921989255331844	yes	no	no	no	no	no	no
1254378862781304833	yes	NA	yes	no	yes	yes	yes
1235073711306235904	yes	no	no	no	yes	no	no
1250632212543873024	yes	no	yes	no	yes	no	yes
1241755142954921985	yes	no	yes	no	no	no	no
1239674456466997251	yes	yes	yes	no	no	yes	no
1243842590128189440	yes	no	NA	no	no	no	no
1250491800147681282	yes	NA	yes	yes	yes	no	yes
1239836424389701633	yes	no	yes	no	yes	no	no
1252485200904368131	yes	NA	yes	no	no	no	no
1258852351223435264	yes	NA	yes	no	no	no	no
1238870281365700615	yes	no	yes	no	yes	no	yes
1245379083225239552	yes	no	no	no	no	no	no
1245269211368378369	yes	no	yes	no	yes	no	no
1241512157973544965	yes	no	yes	no	no	no	no
1239271539171876864	yes	no	yes	yes	yes	no	yes
1237078312217907205	yes	no	yes	no	yes	no	yes
1248215242187902977	yes	no	NA	no	no	no	no
1237800101151719427	yes	yes	no	no	no	no	no
1250093263278813186	yes	no	no	yes	no	no	no
1243831037785972736	yes	no	yes	no	yes	no	no
1258769262941962240	yes	no	yes	no	no	no	no
1254684530004426752	yes	no	yes	no	no	no	no
1245400629914349568	yes	yes	no	no	no	no	no
1240532042145726465	yes	yes	yes	no	yes	no	yes
1243571477183684616	yes	yes	yes	yes	yes	yes	yes
1238160955181346816	yes	no	yes	no	yes	no	yes
1240229562107256838	yes	no	yes	no	no	no	no
1243632074403299328	yes	no	yes	no	no	no	no
1236781121431580672	yes	NA	yes	no	yes	no	no
1227311492531458050	yes	yes	yes	no	yes	yes	yes
1252228965600645124	yes	no	yes	no	yes	no	yes
1252655951108116480	yes	no	yes	no	no	no	no
1250701501447770112	yes	no	yes	no	no	no	yes
1232697335982981121	yes	no	yes	no	yes	no	no
1245323421480820741	yes	yes	yes	yes	yes	yes	yes
1243089322028552192	yes	yes	yes	yes	no	yes	yes
1239865336364773378	yes	no	no	no	no	no	no
1238429933103394816	yes	no	no	no	no	no	yes
1240675997155983361	yes	no	no	no	no	no	no
1232982385362456576	yes	NA	yes	no	yes	no	yes
1246928125260374016	yes	no	yes	no	no	no	no
1234122885826011136	yes	no	yes	no	no	no	no
1240704247873679360	yes	no	yes	no	no	no	no
1254825748256473090	yes	no	yes	no	yes	no	yes
1241302210585165824	yes	no	yes	NA	yes	no	no
1249254274640547840	yes	NA	yes	no	yes	no	yes
1252924219249307648	yes	no	yes	no	yes	no	yes
1254434704557735941	yes	no	yes	no	yes	no	yes
1248187914703552512	yes	NA	yes	NA	yes	no	no
1245070476961034243	yes	no	yes	no	yes	no	yes
1242944586416340992	yes	no	yes	no	yes	no	yes
1238086081217810432	yes	no	yes	no	yes	no	no
1236493880285114373	yes	no	no	no	no	no	no
1249706454233341960	yes	no	yes	no	yes	no	no
1244086477350473728	yes	yes	yes	yes	yes	yes	yes
1242436906970951681	yes	no	yes	no	no	no	no
1252574477474574336	yes	no	yes	no	no	no	no
1250014355577540609	yes	NA	yes	no	no	no	no
1233319906357260288	yes	no	yes	no	no	no	no
1236667488169070592	yes	no	yes	no	no	no	no
1246333946453012480	yes	yes	yes	no	no	no	no
1242813249428566016	no	NA	NA	NA	NA	no	no
1233149924461752321	yes	no	no	no	no	no	no
1254513663437832194	yes	no	yes	no	yes	no	yes
1241388753895260161	yes	no	yes	no	yes	no	no
1240635977133109250	yes	no	no	no	no	no	no
1242194335308959745	yes	no	yes	no	no	no	no
1238398573210976257	yes	no	no	no	no	no	no
1254436599775080448	yes	no	no	no	no	no	no
1247827498840338437	yes	no	yes	no	no	no	no
1241340825537318913	yes	no	yes	no	yes	no	no
1240880427746971648	yes	yes	yes	yes	yes	yes	yes
1252315907579404288	yes	yes	yes	NA	yes	yes	yes
1239951122716078087	yes	no	yes	no	no	no	no
1251767240283901953	yes	no	yes	no	no	no	yes
1236326611689132039	yes	yes	yes	no	yes	no	no
1237024547796406275	yes	no	yes	no	no	no	no
1250371069392945153	yes	no	yes	no	no	no	no
1239311060034818050	yes	no	yes	no	no	no	no
1241873790109388800	no	NA	NA	NA	NA	no	no
1242451303583944705	yes	no	yes	no	no	no	no
1243332926915387392	yes	no	yes	yes	yes	yes	yes
1238199590903570432	yes	no	yes	no	no	no	no
1242353917142368256	no	NA	NA	NA	NA	no	no
1237999583676043274	yes	no	no	no	no	no	no
1247760371500199937	yes	no	no	no	no	no	no
1253263801874558976	yes	no	yes	yes	yes	no	yes
1238096492046553099	yes	no	no	no	yes	no	no
1247049062915940356	yes	no	yes	no	yes	no	no
1238086125643804682	yes	no	no	no	no	no	no
1242686626872123394	yes	no	yes	NA	yes	no	no
1252227259060105216	yes	no	no	no	no	no	no
1248007196098478080	yes	no	yes	no	yes	no	no
1243569138292883456	no	NA	NA	NA	NA	no	no
1245377888423198722	yes	no	yes	yes	yes	no	no
1232918983029989376	yes	no	NA	no	yes	no	no
1241274946124427264	yes	no	yes	no	no	no	no
1240161828505821185	yes	no	yes	no	yes	no	yes
1242821549981343747	yes	yes	yes	yes	yes	yes	yes
1239237740790722576	yes	no	yes	no	yes	no	yes
1250322614309937153	yes	no	no	no	no	no	no
1255844581213638656	yes	no	yes	no	yes	no	yes
1254999539339141121	yes	no	yes	no	yes	no	no
1242524227082821632	yes	no	NA	no	no	no	no
1238348244738023426	yes	NA	yes	no	yes	no	no
1233391748229029889	yes	no	no	no	no	no	no
1249999570370809856	yes	NA	yes	no	no	no	no
1244894264653479936	yes	no	no	no	no	no	no
1242135891918893056	yes	NA	no	no	no	no	no
1243548781288792064	no	NA	NA	NA	NA	yes	yes
1254481846961930240	no	NA	NA	NA	NA	no	no
1262332187220811776	yes	yes	yes	no	no	no	no
1239637574488031237	yes	no	yes	no	no	no	no
1244993126940508161	yes	no	no	no	no	no	no
1247048909823922176	yes	no	yes	no	yes	no	yes
1239319628670734342	yes	no	yes	no	no	no	yes
1256004327405223938	yes	NA	yes	no	no	no	no
1251141447195095041	yes	no	yes	no	no	no	no
1233154538800078848	yes	no	yes	no	yes	no	no
1232434962806083584	yes	yes	yes	no	yes	no	no
1250747230803431425	yes	yes	yes	yes	yes	yes	yes
1255301257402687490	yes	no	yes	no	no	no	no
1235647537354125313	yes	no	yes	no	no	no	no
1247267263083839491	yes	no	yes	no	no	no	no
1238771803260141570	no	NA	NA	NA	NA	no	yes
1236741580469555202	yes	no	yes	no	yes	no	no
1234200893651931138	yes	no	yes	no	yes	no	no
1245245250584678401	yes	yes	no	yes	yes	yes	yes
1239564770572996608	yes	no	yes	no	no	no	no
1240328661481504768	yes	no	yes	no	no	no	no
1237809473772716034	no	NA	NA	NA	NA	yes	yes
1233297551232774144	yes	no	yes	yes	yes	no	yes
1233432555971579911	yes	yes	no	no	no	no	no
1238968356922896387	yes	no	yes	yes	yes	no	no
1246697024709259264	yes	no	yes	yes	yes	yes	yes
1242475676160020480	yes	no	no	no	no	no	no
1249378205846437888	yes	no	yes	yes	yes	no	yes
1243245596267302912	yes	no	no	no	no	no	no
1244530656564187136	yes	yes	no	yes	no	no	no
1241743285334560770	yes	yes	no	yes	no	no	no
1258445759097311235	yes	no	yes	no	yes	no	yes
1243100124596879360	yes	no	yes	no	no	no	no
1244282584135335936	yes	NA	yes	no	yes	no	yes
1239849289620348928	yes	no	yes	no	no	no	no
1260467665862307841	yes	yes	no	yes	no	yes	yes
1239929789747773442	yes	no	no	no	yes	no	no
1252199233593184256	yes	no	no	no	no	no	no
1240608662697267203	yes	no	no	no	no	no	no
1238166509840674817	yes	NA	no	yes	yes	no	yes
1255739018127564800	yes	no	no	no	no	no	no
1241375047455059975	yes	no	no	no	no	no	no
1249982334008426496	yes	NA	no	yes	no	no	no
1255787250538987521	yes	NA	yes	NA	yes	yes	yes
1249646991769993218	no	NA	NA	NA	NA	yes	no
1237469543095771136	yes	yes	yes	yes	yes	yes	yes
1239250156463230976	yes	no	yes	no	no	no	no
1244240478998011905	yes	NA	yes	no	yes	no	no
1240284621394317312	yes	yes	yes	yes	yes	no	yes
1239154740447137794	yes	no	no	no	no	no	no
1243523552776794112	yes	no	yes	no	no	no	no
1237734345802203137	yes	no	yes	no	no	no	yes
1244281364364636160	yes	no	yes	yes	yes	no	yes
1238210708887736327	yes	no	yes	no	no	no	no
1248604123043377152	yes	no	yes	no	no	no	yes
1244910747865530368	yes	no	yes	no	no	no	no
1257218956017967104	no	NA	NA	NA	NA	no	no
1247576187708325888	yes	yes	NA	yes	yes	yes	yes
1240664306917748737	yes	no	no	no	no	no	no
1242058292341374976	yes	no	no	no	no	no	no
1253061459057299457	yes	NA	yes	NA	yes	no	yes
1230902201217933312	yes	NA	yes	yes	yes	yes	yes
1247960892970582016	yes	no	yes	no	no	no	no
1238987846599479297	yes	no	yes	no	no	no	no
1237827523842650113	yes	no	yes	yes	yes	no	yes
1233997968199634946	yes	no	no	no	no	no	no
1240300595782746113	yes	no	yes	no	no	no	no
1240315690625773575	yes	no	no	no	no	no	no
1263551260524982272	yes	NA	no	no	no	no	no
1238890227650957312	yes	no	yes	no	no	no	no
1255576526390788098	yes	no	yes	no	no	no	no
1246026953779548167	yes	no	no	no	no	no	no
1247879756453826560	yes	NA	yes	no	no	no	no
1246144739491172352	yes	no	yes	no	no	no	no
1240355643774644225	yes	no	no	no	no	no	no
1255386071875059713	yes	no	yes	no	yes	no	no
1249079145193234432	no	NA	NA	NA	NA	no	no
1250727411630723072	yes	no	yes	no	yes	no	yes
1258068506869993473	yes	no	no	no	no	no	no
1242728380384116736	yes	no	yes	no	no	no	no
1244671390973861888	yes	no	yes	yes	no	no	no
1251058495199330306	yes	no	no	no	no	no	no
1233055629759143937	yes	yes	yes	yes	yes	no	no
1236730089846345728	yes	yes	yes	yes	no	yes	yes
1250200718583255046	yes	yes	no	yes	no	yes	yes
1247521649051627520	yes	no	yes	no	no	no	no
1242122316643000321	yes	no	no	no	no	no	no
1241689997629173762	yes	no	yes	no	yes	no	no
1235922088784994309	yes	yes	no	no	no	no	no
1252955242829885443	yes	yes	yes	yes	yes	yes	yes
1255219960164556801	yes	no	yes	no	no	no	no
1239137356726362113	yes	no	yes	no	no	no	no
1250830617425649664	yes	NA	yes	yes	yes	no	no
1245716153361629185	yes	yes	yes	no	no	no	no
1248880678655201282	yes	NA	yes	no	no	no	no
1241038772227256320	yes	no	yes	no	yes	no	no
1234123491819106305	yes	no	yes	no	no	no	no
1238557209455362049	yes	no	yes	yes	no	no	no
1241303716734664705	yes	yes	yes	yes	yes	yes	yes
1239978786562756608	no	NA	NA	NA	NA	no	yes
1242780590958575617	yes	no	yes	no	yes	no	no
1236029783475093505	yes	NA	yes	yes	yes	yes	yes
1242081575933804544	yes	no	yes	no	no	no	no
1240024632008286211	yes	no	no	no	no	no	no
1239341822482288640	yes	yes	no	yes	yes	yes	yes
1308064791567753221	yes	no	yes	no	no	no	yes
1289605028638932992	yes	yes	no	yes	no	no	no
1292068996834099202	yes	no	yes	no	yes	no	no
1267700890493956098	yes	NA	yes	yes	no	no	no
1309389687862243328	yes	no	no	no	no	no	no
1309256716752621569	yes	NA	yes	no	yes	yes	yes
1297583765917753345	yes	no	yes	no	no	no	no
1289798309268226048	yes	yes	no	no	no	no	no
1290685597892444167	yes	NA	no	no	no	no	no
1294304354137186304	yes	no	yes	no	yes	no	no
1298242474511654923	yes	no	yes	no	yes	no	no
1287659418436415489	yes	no	no	no	no	no	no
1305800384926097413	yes	no	yes	no	yes	no	no
1304219072003964929	yes	yes	yes	yes	no	yes	yes
1300493382972854278	yes	yes	yes	yes	yes	yes	yes
1300843719445356552	yes	no	yes	no	no	no	no
1295889316057616384	yes	yes	no	yes	yes	yes	yes
1298250583862685696	yes	no	yes	no	yes	no	no
1291336981167902721	yes	yes	yes	yes	yes	yes	yes
1276774737851670528	yes	no	yes	no	no	no	no
1300518546359726080	yes	no	yes	no	yes	no	no
1278973897757659136	yes	NA	yes	no	yes	no	no
1290258500174708736	yes	no	yes	no	yes	no	no
1309371193322078208	no	NA	NA	NA	NA	no	no
1296460589208920067	yes	yes	yes	yes	yes	yes	yes
1291286292072996864	yes	no	yes	no	yes	no	no
1302134736509440001	yes	yes	yes	yes	yes	yes	yes
1275451842432954375	yes	no	yes	no	no	no	no
1268805978553831424	yes	no	yes	no	yes	no	no
1281654015441252354	yes	no	yes	no	yes	no	no
1308732025550110720	no	NA	NA	NA	NA	no	no
1273276735879090178	yes	no	yes	no	yes	yes	no
1306330850355752963	yes	yes	yes	yes	yes	yes	yes
1309235042615463937	yes	no	NA	no	no	no	no
1296193256292851713	yes	yes	yes	yes	no	yes	yes
1287782744471277568	yes	no	no	no	no	no	no
1293290413747568642	yes	no	no	no	no	no	no
1309430639037485063	yes	no	yes	no	no	no	no
1311415274235523072	yes	yes	yes	yes	yes	yes	yes
1296412078006304768	yes	no	yes	no	yes	no	no
1273615177519443980	yes	no	yes	yes	yes	no	yes
1285296224581681164	no	NA	NA	NA	NA	no	no
1294271812688392195	yes	yes	yes	yes	yes	no	yes
1275684864902287360	yes	no	yes	no	no	no	no
1276032515350974464	yes	no	yes	yes	yes	no	no
1275059656298098696	yes	no	yes	yes	yes	no	yes
1273128631955525636	yes	NA	yes	no	yes	no	no
1282343395143421952	yes	no	yes	no	yes	no	no
1298896615491678208	yes	NA	yes	yes	no	no	no
1292198717530017795	yes	no	no	no	no	no	no
1278425517646139393	yes	no	no	no	no	no	no
1277169098649227265	yes	no	yes	no	yes	no	no
1270656999634731009	yes	no	yes	no	yes	no	no
1298188281021108224	yes	NA	yes	yes	no	yes	yes
1280958777798295559	yes	no	yes	no	yes	no	no
1306987599635140613	yes	yes	yes	yes	yes	yes	yes
1272821466090868736	yes	NA	yes	yes	yes	yes	yes
1293171066307837952	yes	no	yes	no	yes	no	no
1292031503124312065	yes	no	yes	yes	yes	no	no
1306628402598862848	yes	no	no	no	no	no	no
1271332735664009217	yes	yes	yes	yes	no	yes	yes
1293873715038556160	yes	no	yes	yes	yes	no	yes
1276551202935889921	yes	no	no	no	no	no	no
